business_id,name,industry,turnover,electricity_usage,employee_count,is_anomaly_manual
25BXGNT3302I9ZI,Business_1,Logistics,270.23,16609.22,130,0
35PCOZD9711S6ZX,Business_2,Services,24.28,311.67,25,0
17NYYZK2779Y3ZE,Business_3,Retail,47.44,2180.09,14,0
15HSMPV7784O3Z7,Business_4,Services,338.41,4104.81,341,0
12DVFRZ9995I3ZY,Business_5,Services,454.06,8421.67,494,0
21OKORA5130Y6Z0,Business_6,Wholesale,141.17,5015.46,49,0
18RIBWS8627A9ZO,Business_7,Wholesale,40.75181071478944,11899.84,73,1
12WYNJM1643T8Z0,Business_8,Services,140.68,3530.02,101,0
28YAKVI5524V4Z6,Business_9,Retail,371.41,24518.65,151,0
34TFNGK1409A4ZM,Business_10,Construction,287.85,14079.26,258,1
18EFYIL1375J1ZV,Business_11,Services,213.13,5047.24,251,0
17GQDYR5092N1ZL,Business_12,Manufacturing,67.57,6583.24,13,0
23OYNUX8477Q9ZW,Business_13,Retail,30.03,1565.2,12,0
12MOVEJ8241P9ZL,Business_14,Construction,278.28,16797.68,100,0
18VDREH5114A9Z1,Business_15,Wholesale,57.64,1952.21,20,0
18MBFRG1137J3ZR,Business_16,Logistics,41.45,1921.13,21,0
20DMTYT1379F4ZR,Business_17,Manufacturing,14.15,1842.46,4,0
19ZZNBB8141F1ZT,Business_18,Manufacturing,420.52,57745.9,85,0
17SKXVQ0485T3ZK,Business_19,Logistics,330.67,10284.92,151,0
20OQTKH5619Y3ZU,Business_20,Logistics,304.65,10467.47,113,0
10VMKYS4081W4Z2,Business_21,Construction,108.97,4573.01,34,0
19VYXOS7623T1ZF,Business_22,Manufacturing,281.38,22521.94,45,0
10DWDLS6601Z3ZR,Business_23,Wholesale,50.85,3046.88,24,0
35QIYVI7858X3Z0,Business_24,Wholesale,52.43,1778.11,24,0
36UIIKF2471N9Z4,Business_25,Wholesale,228.29,11604.14,97,0
10ESFMO5562X2ZD,Business_26,Retail,361.89,22782.56,123,0
16UDSOZ5958P7Z2,Business_27,Wholesale,62.30811914102266,22700.19,130,1
20LBFKS2270A4ZD,Business_28,Construction,244.71,8792.63,61,0
12KZZSC6468Q4ZS,Business_29,Logistics,139.78,5001.26,54,0
15HDYTI8306L2ZJ,Business_30,Logistics,410.31,23502.2,166,0
13ILBAT3236W6ZX,Business_31,Manufacturing,478.34,67443.25,104,0
32VCPDT0967H6Z9,Business_32,Logistics,448.84,18366.54,186,0
12AJDUW0414Y6ZZ,Business_33,Services,43.21954269383217,6157.85,198,1
34QOZPN5331O9Z0,Business_34,Services,137.34,3976.26,91,0
21EAGXN6046D2ZJ,Business_35,Wholesale,268.8,15016.95,104,0
18ZBSXK3231R2Z4,Business_36,Logistics,121.27,4458.03,32,0
30GYVKY3980F7ZU,Business_37,Manufacturing,90.01,12013.16,15,0
36WBXQJ1968L7ZU,Business_38,Construction,461.04,25499.09,206,0
10MGOFI4940W8ZN,Business_39,Services,366.82,7057.61,427,0
17RARWT5613A6ZK,Business_40,Wholesale,183.36,8003.08,60,0
33ULAHR6147J3Z4,Business_41,Construction,272.12,16129.97,58,0
29GBMXS9317Z8ZO,Business_42,Services,141.68,1650.15,122,0
28FCYHY8736A6ZJ,Business_43,Construction,90.9,5937.65,37,0
27XMRIY8562Q4ZY,Business_44,Construction,424.35,20062.2,86,0
27QJKLQ5681R8Z1,Business_45,Construction,71.87,3110.98,29,0
23IQHIJ3480C5Z1,Business_46,Wholesale,473.35,31192.01,110,0
15DAJZG7124N9ZY,Business_47,Construction,264.74,16809.13,125,0
37LGURP5310W9ZO,Business_48,Manufacturing,435.0,57372.83,122,0
12PXKHV3664G8ZC,Business_49,Wholesale,438.83,18144.05,204,0
23YIBFZ4607A3Z3,Business_50,Construction,141.04,7408.99,51,0
26UCZLY5091J2Z3,Business_51,Construction,40.01,2550.43,16,0
10PJLBT3855Q9Z3,Business_52,Manufacturing,82.05,11293.59,19,0
34UDGKS6084N7ZO,Business_53,Construction,291.01,17321.77,108,0
11SKNDH4661S1Z2,Business_54,Wholesale,292.04,11394.04,67,0
15ZKXKF3441E6Z6,Business_55,Logistics,405.36,23722.41,150,0
15IGNKJ5469Y8ZY,Business_56,Services,170.02,2261.27,120,0
16WRPXW3659Z8ZB,Business_57,Manufacturing,325.77,34695.75,71,0
37FGOQJ8559S8ZJ,Business_58,Services,51.66,739.89,51,0
21AEHWS4635L8ZH,Business_59,Construction,241.07,9790.43,82,0
31XMUZK7802F4ZI,Business_60,Retail,165.39,8447.63,38,0
25MQKOG9517W4ZL,Business_61,Manufacturing,426.49,52605.75,110,0
13XXONW9604S1ZL,Business_62,Wholesale,293.89,10219.45,113,0
15LKRRE1520L4Z5,Business_63,Wholesale,34.71,1371.26,18,0
17KYFTW0863L9ZM,Business_64,Manufacturing,361.86,43588.9,99,0
35HVXRX5478C7ZU,Business_65,Logistics,42.4,2493.67,21,0
27VDUTU2287Z7ZY,Business_66,Logistics,474.93,141029.21026930568,160,1
21KIYYW3004I4ZZ,Business_67,Retail,378.85,11901.7,126,0
12AADQE7887V8ZY,Business_68,Construction,205.33,7583.04,82,0
30ESUZO5841Z2Z8,Business_69,Wholesale,6.67,288.28,2,0
15UDRGH3738C1ZF,Business_70,Manufacturing,249.28,35557.51,35,0
30CQZLO5419Y2Z9,Business_71,Construction,227.34,6956.59,66,0
16HRTIG8272N1ZD,Business_72,Manufacturing,59.76072270434342,39685.55,44,1
26UOWLD5724J4ZN,Business_73,Retail,199.04,7585.84,47,0
24FAJPY9465B7ZG,Business_74,Services,78.0,15641.214244576127,70,1
14KSPZO5184P4ZT,Business_75,Services,58.26,1518.76,64,0
17JKLJQ4708T6ZF,Business_76,Services,8.53411892997929,1415.08,44,1
23EOEYA5395D4ZG,Business_77,Services,126.05,2622.97,75,0
29JEXRD9049G6ZC,Business_78,Services,8.24,238.38,11,0
10ICJXM4114K2ZZ,Business_79,Services,324.15,9020.12,199,0
30MGGYL9996E7ZT,Business_80,Construction,332.46,18156.96,136,0
17YQXYT8300U8ZD,Business_81,Services,216.13,3944.45,261,0
10DCBFC1925Z7Z4,Business_82,Manufacturing,193.49,26593.2,62,0
30WOAAK4450K2ZG,Business_83,Logistics,350.97,13075.9,93,0
36KDHJX5423P7ZO,Business_84,Manufacturing,436.96,50130.71,112,0
20WOBMJ1931U5Z9,Business_85,Retail,90.29,3223.78,33,0
28FRXUW9955L8ZS,Business_86,Retail,150.64,8181.04,53,0
33YXJIU2507C6Z9,Business_87,Construction,119.18,6900.92,57,0
24YSUQT0007M3Z6,Business_88,Construction,72.02,4344.15,31,0
18RZZFE1480O8ZZ,Business_89,Services,8.3,127.95,7,0
19ACRKD5658H9ZX,Business_90,Retail,342.27,23838.5,116,0
19UDQRZ0193H8ZC,Business_91,Construction,47.3,2039.5,11,0
33AYSNE3738P7Z3,Business_92,Wholesale,470.53,14385.03,96,0
17OJRJB7205M3ZO,Business_93,Logistics,271.93,15251.44,88,0
17MEKFI7988L5ZJ,Business_94,Construction,215.41,83636.15264539771,106,1
24XFMAV7708K9Z2,Business_95,Manufacturing,58.09,6861.23,17,0
14RXQSY6651G1ZN,Business_96,Construction,206.98,13916.14,59,0
30FDQEJ8868X8ZA,Business_97,Logistics,184.07,11003.39,55,0
31DGVRZ2118D9ZJ,Business_98,Wholesale,84.69,3020.38,22,0
13VEYOA4064N8Z8,Business_99,Services,304.32,7123.42,169,0
19VXHSY4199H6ZV,Business_100,Construction,316.83,14601.07,147,0
35EMAPN2762X1ZI,Business_101,Wholesale,102.94,4261.88,52,0
25ABBHP6461R3ZK,Business_102,Wholesale,426.64,18156.61,138,0
31KEKBB4893U6ZX,Business_103,Manufacturing,417.08,37288.36,76,0
15SGOFP2269C5Z7,Business_104,Construction,430.43,23693.41,137,0
21UMFWH0656F5ZK,Business_105,Logistics,150.24,10001.04,62,0
15VPKAV0948P7ZU,Business_106,Manufacturing,283.85,37507.1,71,0
20CPHYP9583L4ZK,Business_107,Wholesale,17.18,1160.59,9,0
30AGNQB3198B9ZG,Business_108,Logistics,92.52,3453.32,27,0
31MURGQ7123Y7ZO,Business_109,Services,446.94,13159.16,395,0
17OENPR9109Z9Z0,Business_110,Retail,489.09,28199.47,105,0
23GQJQD0904F8ZY,Business_111,Logistics,141.06,5779.25,66,0
13NBCNE2681A5ZX,Business_112,Logistics,194.37,12383.65,83,0
22PXQDX7043L3ZC,Business_113,Manufacturing,276.56,27684.7,51,0
36NFAHX0798X7Z1,Business_114,Logistics,49.84,1704.8,21,0
31NZRBG0591Y7ZQ,Business_115,Retail,331.98,15197.16,164,0
17KFEQE4780Q3Z3,Business_116,Wholesale,104.37,6803.22,33,0
27YDCEL6471T7ZK,Business_117,Services,458.48,5728.5,345,0
17VRAWI0604Y1ZG,Business_118,Manufacturing,329.77,42936.98,60,0
27IOCDI0007B2ZB,Business_119,Logistics,47.92,2619.49,25,0
14EXHIZ7132A9ZR,Business_120,Manufacturing,255.97,23687.48,73,0
30LBLOC9214M3ZA,Business_121,Manufacturing,347.21,48928.03,102,0
27HNSEI5536V1Z9,Business_122,Wholesale,410.92,17287.75,184,0
36WKNMM6789K6Z5,Business_123,Services,455.34,8952.6,385,0
25JCGRM4551E9ZI,Business_124,Services,180.29,3443.81,111,0
22WLMYI0149E8Z5,Business_125,Services,45.66,794.21,51,0
35YZVYI8171U2ZH,Business_126,Logistics,138.75,4461.48,59,0
22ZQJEP4973N5Z8,Business_127,Manufacturing,175.0,16999.64,31,0
27ARDQV8162A4ZZ,Business_128,Retail,335.83,19272.12,105,0
31DQKDI5254P2ZA,Business_129,Construction,55.6,3249.95,30,0
27JZIHF1972R4Z5,Business_130,Services,462.86,9380.84,246,0
22TKRRO3116R3ZP,Business_131,Construction,246.24,9953.91,68,0
31ODIFE3806X4Z7,Business_132,Manufacturing,114.9,15383.73,24,0
26YBTQD6709C3ZR,Business_133,Services,14.66,343.05,16,0
35TSTRO1716B8ZT,Business_134,Wholesale,90.94,3890.03,46,0
34TUCKR2043P2ZC,Business_135,Construction,264.55,14203.48,120,0
20XIWDD0751D3ZM,Business_136,Logistics,158.9,6079.55,77,0
29VPVZE3792T1ZS,Business_137,Manufacturing,177.03,20168.83,41,0
23ULLGI4023S1Z9,Business_138,Retail,187.3,9431.01,76,0
14DLOSF7310N5ZC,Business_139,Construction,294.68,12107.65,106,0
33WNOUC1763E3ZC,Business_140,Wholesale,117.14,6101.72,34,0
22NJGGW6220N7ZA,Business_141,Construction,42.9,1704.13,12,0
15BLOCN2210N8ZL,Business_142,Wholesale,396.99,26515.31,174,0
11ONCFQ6084E3Z3,Business_143,Services,258.92,5133.87,142,0
29DJTRE6480B9ZJ,Business_144,Wholesale,105.74,4884.89,31,0
11GHHOD7229I4Z7,Business_145,Manufacturing,32.29,4784.84,12,0
16ZSEHE4034M4ZE,Business_146,Retail,254.56,11313.82,87,0
22PGOBI5975S2ZC,Business_147,Construction,484.78,22473.46,152,0
25AWJUT0135G9ZO,Business_148,Construction,289.21,16195.38,555,1
15NBRQN3127V2Z5,Business_149,Services,239.81,7084.5,238,0
19XIQEX6286J3ZD,Business_150,Retail,149.7,9424.79,77,0
35KZAJD7733D8ZB,Business_151,Logistics,318.61,21900.89,68,0
20BIARY3194P4ZV,Business_152,Construction,159.71,5662.38,67,0
36UVLIZ7349A6Z5,Business_153,Logistics,98.55,3879.38,49,0
15TNWOI1686S4ZG,Business_154,Wholesale,218.99,6582.46,57,0
37IWMVK6045F1ZP,Business_155,Construction,8.32,382.52,8,0
33BFELS3139X4ZN,Business_156,Construction,431.04,17138.06,177,0
15WXGWP8112Z4ZX,Business_157,Services,69.13,1321.5,46,0
28AWJCX3804G6Z8,Business_158,Manufacturing,484.73,58857.02,80,0
25TINDW6334U9ZU,Business_159,Wholesale,97.01,4787.33,47,0
18HVLRC7283X6ZF,Business_160,Services,357.03,5685.61,280,0
16XJWVM0687T2ZO,Business_161,Logistics,288.06,9455.65,145,0
17FKPQO7868X7ZF,Business_162,Retail,327.8,13915.8,97,0
14QJOON7701X5ZQ,Business_163,Construction,112.35,48779.82227065485,45,1
17FKBKF7218P6ZH,Business_164,Manufacturing,294.3,24139.86,48,0
33DUXOS5680S3ZK,Business_165,Construction,95.52,3530.91,29,0
27GQTOI1827G1Z5,Business_166,Services,159.2,1976.41,116,0
18WTXKJ3775L6ZR,Business_167,Services,476.68,11991.3,427,0
11RTJMO3856B7ZF,Business_168,Logistics,163.57,6038.91,79,0
36TIWZU8669B2ZY,Business_169,Logistics,258.32,12549.02,133,0
26GAVMW5604Y3ZQ,Business_170,Manufacturing,240.2,19396.45,27,0
36UJJON9560X4Z6,Business_171,Construction,406.61,24034.93,133,0
24GIFJA8940B8ZS,Business_172,Manufacturing,65.19,6669.58,8,0
16RSHQJ0504N7ZZ,Business_173,Wholesale,444.73,23759.69,214,0
13RYVTL5987N3Z4,Business_174,Wholesale,499.48,28750.18,218,0
17FSLKD5211X2Z4,Business_175,Construction,447.29,13761.12,131,0
13AKPGE8097M7ZS,Business_176,Logistics,90.65,4878.2,21,0
33GRPPZ9794Z5ZK,Business_177,Construction,95.37,3230.9,47,0
34WWGGB3178I2Z8,Business_178,Logistics,235.08,10903.23,465,1
22ZAGSY8949N2Z0,Business_179,Logistics,499.65,23934.23,211,0
11NJKDI7732Y6ZP,Business_180,Retail,474.8,27787.41,186,0
32YFHIO8204U6Z1,Business_181,Logistics,330.87,12963.49,121,0
19KIOUR3631R8Z4,Business_182,Services,327.58,4852.42,224,0
32EZZNC8826F9ZK,Business_183,Wholesale,319.82,16174.31,151,0
19BEDFJ1674F2ZK,Business_184,Logistics,216.41,64420.99890218008,91,1
22YRWOQ6519O2Z8,Business_185,Wholesale,425.69,13807.7,163,0
36BZLQW0849J8ZE,Business_186,Manufacturing,191.57,21322.32,32,0
23AKKCR4689J5ZH,Business_187,Retail,57.34,3018.96,24,0
32FAZPR1760F3ZK,Business_188,Logistics,415.59,27522.34,140,0
35KPTKB5719I6ZS,Business_189,Services,371.67,8584.94,225,0
15IJVSM9229Q6Z2,Business_190,Logistics,206.02,6881.86,76,0
18PURQX7874K8ZX,Business_191,Retail,180.05,7236.76,49,0
14FGABC9356N3ZN,Business_192,Logistics,290.34,14900.23,63,0
25FPSSG7899Z2ZT,Business_193,Manufacturing,324.24,46228.04,40,0
22WFVCO9829S8ZE,Business_194,Wholesale,445.46,27575.13,118,0
16KNRKP1211P4ZJ,Business_195,Retail,6.88,368.03,4,0
15SEACD4734H5Z0,Business_196,Retail,493.33,30535.2,162,0
15OPYOE1652N5ZF,Business_197,Retail,74.21,5110.35,31,0
34VSZAA9734K6ZJ,Business_198,Manufacturing,402.44,50083.39,49,0
34BUGGN7606N3ZL,Business_199,Services,487.19,12100.22,355,0
31ZBZEX4761C5Z3,Business_200,Wholesale,161.67,10892.11,37,0
13MFFPY9833B2Z9,Business_201,Logistics,439.41,117647.94299402222,203,1
27UMCLL4003U9Z4,Business_202,Services,327.4,8139.58,356,0
13XWUQZ6126Y4Z7,Business_203,Services,132.72,3167.56,112,0
25KEPND8489B2ZC,Business_204,Manufacturing,369.14,39041.1,96,0
35GWKYG5090T6ZZ,Business_205,Logistics,231.05,9271.14,108,0
17WZZLG7407F6ZO,Business_206,Construction,199.49,12231.39,81,0
24PHEVH6192T3ZD,Business_207,Manufacturing,101.69,41618.45133829303,16,1
26RQYLN9456N4Z3,Business_208,Services,47.34,1126.48,42,0
28XIFRT9936S9ZK,Business_209,Services,346.53,9843.58,353,0
24PYNUU7009E8Z2,Business_210,Retail,479.27,136487.01333517875,155,1
13AZFPW1456M3ZC,Business_211,Manufacturing,499.72,60877.83,146,0
17DOYNI3044U4ZZ,Business_212,Retail,229.38,15292.04,57,0
11MHATN4917T4ZF,Business_213,Services,453.54,12658.72,269,0
29SQOJW6131W6ZA,Business_214,Logistics,490.34,23282.55,127,0
14GPTVC3454R4Z9,Business_215,Retail,35.66,2269.97,13,0
34NPIRU6457T5ZU,Business_216,Wholesale,164.68,8609.75,65,0
30YEMYJ3558Q3Z3,Business_217,Retail,203.92,12816.23,44,0
12UPIIM7917S2ZY,Business_218,Construction,202.62,9617.86,65,0
34NPPXA8121L1ZW,Business_219,Logistics,289.7,15999.87,92,0
22NYQTD9572H2ZA,Business_220,Services,234.14,3152.51,283,0
15SRVKZ2134O5Z9,Business_221,Retail,99.35,6160.82,51,0
27XVVLW2682J8Z7,Business_222,Retail,303.14,15295.5,71,0
28CTVWG9569P1ZY,Business_223,Manufacturing,136.02,11108.89,21,0
30QXWYA9995Q1ZG,Business_224,Retail,318.09,20004.83,133,0
33NMCDK1429D7ZY,Business_225,Wholesale,465.44,17102.81,159,0
14DDOGT8496B9ZR,Business_226,Wholesale,100.39,3876.43,40,0
17KZAAV6633G6ZJ,Business_227,Wholesale,183.15,7928.06,41,0
30MQJIN0447B7Z1,Business_228,Services,203.11,5681.89,219,0
22JFNKK0179E7ZK,Business_229,Wholesale,140.27,4740.54,56,0
25JHAKD4842I5Z5,Business_230,Retail,190.97,10040.92,64,0
14ZCFRP6636P3ZK,Business_231,Wholesale,446.89,30172.48,150,0
22YTVIQ0001S3Z7,Business_232,Construction,53.23,2046.85,88,1
17JAOOW6742V9ZL,Business_233,Retail,128.37,4440.36,216,1
36TMECC2701P9Z8,Business_234,Services,374.19,8396.44,224,0
29TGBXL0631L9Z3,Business_235,Manufacturing,281.79,28663.52,79,0
17VQYGS5461K8ZB,Business_236,Retail,426.84,16870.18,124,0
29YYWGI7903F1ZP,Business_237,Retail,290.55,18515.26,62,0
19UEBWG9638J3ZL,Business_238,Logistics,164.82,5131.28,42,0
33KPWJI7036V6ZP,Business_239,Services,243.3,5417.85,232,0
21STWRG6301O3ZE,Business_240,Construction,477.41,22930.42,162,0
17XDOFS3592Z6Z5,Business_241,Manufacturing,444.63,36573.49,60,0
30HXMKB2509I3ZJ,Business_242,Services,259.06,6909.97,155,0
13UZDTP7371Y3ZH,Business_243,Construction,374.3,25108.78,165,0
17PVPYP7645G6ZZ,Business_244,Services,337.13,5670.39,399,0
15EFOGA4127F9ZX,Business_245,Logistics,145.29,6796.14,63,0
36YOAEN9952N2ZM,Business_246,Logistics,349.99,17981.48,115,0
10PTEHR8861J8ZE,Business_247,Manufacturing,210.84,18316.9,39,0
17ASYKL0622L7Z6,Business_248,Wholesale,361.77,20500.5,136,0
25PTCHT2805Y8Z8,Business_249,Construction,487.77,24419.61,238,0
11NBWYJ6566S4Z6,Business_250,Services,362.49,5315.76,295,0
10ZFFNJ6568T1Z0,Business_251,Services,218.3,36810.84023771179,146,1
14SKSSY5480Q2ZP,Business_252,Services,48.48,822.61,54,0
31HTFEC0596U3Z8,Business_253,Logistics,313.75,12204.27,152,0
35UDDAB9931M3Z2,Business_254,Retail,124.8,6346.55,56,0
20UEGIS0724S8Z6,Business_255,Manufacturing,293.5,43952.94,58,0
16EYFDO6758D5ZA,Business_256,Manufacturing,33.65,3832.82,11,0
26MUYII5896V6Z8,Business_257,Retail,305.53,17388.46,128,0
22NUENM4771A2Z2,Business_258,Manufacturing,92.74,12148.71,29,0
19GTOJX2748R2ZT,Business_259,Logistics,399.12,27902.82,136,0
19TISBE9394R7Z0,Business_260,Logistics,50.72,3029.48,26,0
11JJNQM3293X9ZZ,Business_261,Services,295.65,7608.76,309,0
16YSLOE4966M1ZU,Business_262,Wholesale,193.25,6732.65,80,0
12HOVMN6919Y4Z9,Business_263,Retail,154.6,5229.47,51,0
30SVDLS1234Z3ZD,Business_264,Services,249.95,2757.17,169,0
31KMZFQ7065Y2ZI,Business_265,Retail,163.54,5159.24,82,0
20CIEGF7824Y5ZA,Business_266,Retail,387.41,24528.5,127,0
19HSMIW0675P9ZO,Business_267,Retail,330.15,10577.86,149,0
12OYLEN6721W7ZH,Business_268,Retail,23.08,1403.98,9,0
10DMKEX3086C8ZJ,Business_269,Wholesale,243.3,13417.41,91,0
22FDDIC2693O3ZV,Business_270,Wholesale,437.88,20151.1,128,0
23UQDVF9371J9ZH,Business_271,Logistics,310.05,21005.94,152,0
24JPIOU9915I2ZC,Business_272,Retail,17.04,1037.19,9,0
22ZNVGZ0664F9Z6,Business_273,Logistics,415.81,15259.92,174,0
10HBWNE0553F8Z3,Business_274,Construction,196.83,11202.23,48,0
24MXMYT2881A1Z6,Business_275,Retail,451.71,19003.16,125,0
24SEGGS0729Z3ZC,Business_276,Logistics,197.04,6960.41,58,0
33ARQDI3455H8Z5,Business_277,Construction,62.84,2354.59,25,0
36IZHAZ6323P5ZN,Business_278,Manufacturing,177.0,22420.07,30,0
34WVKDJ5610H6ZC,Business_279,Wholesale,479.14,17055.14,106,0
13CXDPE1220A6Z8,Business_280,Construction,237.59,12281.52,63,0
30OZNRR8470Y9Z9,Business_281,Retail,167.14,6785.59,141,1
23YYTKF6113B9ZV,Business_282,Manufacturing,346.87,29708.03,55,0
12OCMOR6492D2ZD,Business_283,Manufacturing,237.27,28144.85,59,0
24YVVZW3705O7ZX,Business_284,Logistics,272.19,15451.56,74,0
30EUBIS6769J3ZP,Business_285,Retail,288.09,11533.59,135,0
21SSWMP1717E1Z1,Business_286,Manufacturing,402.1,41412.96,79,0
36BNDPL2337E1Z1,Business_287,Wholesale,362.92,17778.0,180,0
11GQVPH3065J2ZU,Business_288,Construction,213.61,14552.78,456,1
21BFWSS8798D8ZJ,Business_289,Retail,346.54,22848.49,84,0
25UVAWQ0815S5ZR,Business_290,Retail,347.0,15993.03,74,0
16FHBNX0291H2Z3,Business_291,Manufacturing,207.1,27943.13,32,0
35NOHBS5978H2Z4,Business_292,Logistics,275.29,19123.52,137,0
26MKRZR8273I7ZI,Business_293,Manufacturing,129.17,18938.32,32,0
20WPZJA5481Q9ZE,Business_294,Retail,366.0,15126.27,88,0
34MMGBJ0411B4ZW,Business_295,Construction,88.67,4709.92,30,0
11XERZB0825E7ZI,Business_296,Construction,53.2,3169.77,13,0
20WUQEU5953D4ZA,Business_297,Wholesale,82.76,4260.76,21,0
20PFSYH1706T4ZO,Business_298,Logistics,87.66,3507.23,24,0
33TIMDQ0404G1ZS,Business_299,Wholesale,167.1,9702.45,51,0
12BPKZV4585M1Z0,Business_300,Services,153.12,4079.26,92,0
14RZPLA6631N3ZV,Business_301,Wholesale,378.76,19955.99,159,0
17VGLXB9088O3ZI,Business_302,Logistics,461.49,20861.77,202,0
29PCRYS5779V1ZC,Business_303,Services,157.67,10189.958177223423,181,1
30SEACA9912Z1ZD,Business_304,Logistics,246.43,9073.2,113,0
13IXOPF7685I7ZO,Business_305,Retail,454.88,19384.39,124,0
15KDICC3263Z8Z5,Business_306,Wholesale,57.22,3749.41,25,0
21WQTAW2458T5ZS,Business_307,Logistics,127.28,5906.39,39,0
36YFXDH1263N5ZR,Business_308,Manufacturing,207.89,27813.24,50,0
19PGCHE5600Q9Z1,Business_309,Retail,258.11,67612.31653041717,120,1
10WYEAU8650T2ZB,Business_310,Retail,97.48,6219.26,50,0
12JSIPL1648M2ZV,Business_311,Manufacturing,247.72,31934.76,70,0
19IMNSU1883R4ZY,Business_312,Services,192.34,4188.0,197,0
34EVJYU8576V7Z8,Business_313,Retail,48.92,1774.68,63,1
28CCOLJ8484C1Z1,Business_314,Wholesale,385.66,12573.9,104,0
23VIZZU1959B9Z2,Business_315,Logistics,239.61,8743.78,88,0
18LIXCU1113E6Z3,Business_316,Services,265.12,3796.98,266,0
17TJDES4475V6ZY,Business_317,Wholesale,155.91,7174.43,44,0
27XVETB1133I5ZW,Business_318,Wholesale,201.37,12765.07,43,0
23NAAXK4243C6Z7,Business_319,Wholesale,98.02,18532.308075524368,39,1
18LMLCK6931G4ZD,Business_320,Wholesale,231.18,11922.22,115,0
36QJPPC9843U7ZS,Business_321,Retail,97.22,3527.47,24,0
32APPAD0573M3ZQ,Business_322,Wholesale,215.18,47670.418107653444,92,1
22PVDUW7085U7ZT,Business_323,Logistics,172.57,9536.71,37,0
34JXOOA5400J2ZM,Business_324,Construction,329.4,10502.79,123,0
13KEANG1848E9Z4,Business_325,Retail,453.31,16874.79,208,0
35QQKFQ1670M2ZM,Business_326,Retail,406.54,24318.68,149,0
30WXQFW0047Z9Z2,Business_327,Retail,156.62,10793.37,56,0
14ZPRPI3387H6ZS,Business_328,Logistics,77.73,4236.75,33,0
19AIIZK6980Y1ZJ,Business_329,Manufacturing,291.69,40551.22,67,0
11SXTXB5247O8ZS,Business_330,Construction,254.23,9732.13,85,0
26MPNUY3852U9ZZ,Business_331,Manufacturing,367.09,52947.59,108,0
31FWCXQ5871J3Z5,Business_332,Retail,231.26,14400.11,86,0
19VKLBL9298A7ZW,Business_333,Wholesale,145.83,7264.39,59,0
18HDXCJ1383C9Z0,Business_334,Manufacturing,228.48,23694.39,52,0
27XPTDK9834E5ZS,Business_335,Manufacturing,406.7,41221.72,68,0
10IBFCJ3746A8ZB,Business_336,Logistics,409.0,19971.44,127,0
18OLRLX5559G7ZU,Business_337,Manufacturing,484.39,58517.91,139,0
27SSGQV0766W4ZA,Business_338,Services,452.26,8434.04,326,0
14MXSWT0418Q6ZU,Business_339,Retail,452.22,17212.02,221,0
32UWSGV9480F3Z8,Business_340,Wholesale,41.77,2897.03,13,0
13ZZKBU3985Z2ZO,Business_341,Logistics,299.72,10874.29,74,0
17ATWHK2709J3ZC,Business_342,Retail,432.99,29321.01,98,0
14HNWSW0231Z3Z3,Business_343,Services,302.65,4051.42,365,0
19HHYEG2175S8Z0,Business_344,Retail,346.47,12617.83,136,0
19UIAAL2360B6ZJ,Business_345,Construction,132.5,6589.62,66,0
31IMCKA5468J9ZR,Business_346,Services,46.28,633.44,45,0
24HRUTW4044W6ZW,Business_347,Construction,202.56,7048.95,96,0
18QBBNB0319A8ZR,Business_348,Logistics,191.26,11034.86,65,0
33VXWEV4678I3Z0,Business_349,Retail,330.56,12318.59,150,0
19DRDCJ8024G4ZY,Business_350,Manufacturing,193.39,28301.27,26,0
12JJAAX9998H7ZI,Business_351,Retail,311.21,9349.07,109,0
10TDWYA7431K5ZS,Business_352,Retail,17.57,754.88,10,0
36UWPFR9556I1ZU,Business_353,Retail,453.02,17792.41,169,0
31NTXLO6150Y8ZG,Business_354,Manufacturing,85.24,9437.36,29,0
26PISUC5098N4ZV,Business_355,Services,417.31,11544.54,412,0
18EMGUV5909O1Z3,Business_356,Manufacturing,384.75,38821.69,116,0
31HCKSE3851G5ZH,Business_357,Construction,329.45,13847.54,74,0
21ATYVP0056O4ZJ,Business_358,Retail,100.58,5066.25,28,0
13PLCPT2805S7Z8,Business_359,Retail,185.54,8452.2,84,0
35RWEPO2839Y1ZH,Business_360,Wholesale,431.47,28078.33,193,0
35IQDIR0781Y7ZM,Business_361,Logistics,444.28,20111.61,98,0
34MSOCP7172D4Z9,Business_362,Construction,148.21,8787.21,58,0
15IVVMP4213U9Z4,Business_363,Wholesale,17.35,549.73,5,0
37CKXCB2228B1Z4,Business_364,Wholesale,284.05,16022.79,75,0
24BMBPO3235O9ZA,Business_365,Retail,488.13,26718.96,158,0
20MNVHG0289A5Z8,Business_366,Services,76.19,1776.59,58,0
19UDAIX6699B3ZL,Business_367,Manufacturing,152.39,16548.79,22,0
24YHMDR9944W8ZB,Business_368,Logistics,255.0,13229.15,52,0
25KSXYG9630B4Z4,Business_369,Retail,294.51,13302.03,103,0
26TTMEI8082O8ZC,Business_370,Logistics,459.07,22983.32,203,0
21TLUVD9260G3ZH,Business_371,Retail,213.91,8772.03,59,0
18IGBWJ8874U4ZG,Business_372,Logistics,486.23,24793.6,188,0
28RKYLF9266D2ZP,Business_373,Retail,443.75,23888.08,124,0
29OHWED0738P3Z8,Business_374,Logistics,433.02,20271.93,110,0
18DIQVK5277I7ZO,Business_375,Logistics,294.13,19344.97,121,0
32ZBBWH9942O5ZX,Business_376,Construction,391.87,18020.65,193,0
18ZGBNB3757U6ZN,Business_377,Construction,465.34,17570.47,107,0
17VGOTA8301U5ZR,Business_378,Retail,27.46,1293.02,14,0
37JIVYD2707Q8Z0,Business_379,Construction,315.17,11169.09,101,0
31DEITP4783B2ZT,Business_380,Logistics,384.52,16002.26,117,0
11BHOMH9166C3ZI,Business_381,Services,276.99,6232.93,262,0
27YCIRO6431V1Z7,Business_382,Retail,43.16,2845.56,23,0
16NZSAN6599T8ZU,Business_383,Services,396.41,6679.23,434,0
26BFYHN0746I9ZO,Business_384,Construction,439.83,124322.833760621,138,1
10ZJDDO9481S2ZB,Business_385,Manufacturing,127.39,14981.89,36,0
17DYQHP5086W6Z4,Business_386,Construction,32.6,1672.92,14,0
28ELQMT0134R4ZT,Business_387,Manufacturing,278.56,27253.24,55,0
21FMZCI6067Q8Z0,Business_388,Logistics,125.49,6561.11,30,0
11CBJDY7257J8ZL,Business_389,Manufacturing,400.33,33390.55,116,0
33LTGRQ0487E5ZW,Business_390,Construction,246.42,8720.79,83,0
35BWHCK8803Q5ZM,Business_391,Logistics,252.17,8082.32,75,0
23EABCT2667B1ZO,Business_392,Manufacturing,86.2,8985.17,19,0
11HIXYX4478J6Z2,Business_393,Manufacturing,183.34,27079.6,48,0
21YVRXD1540E5ZZ,Business_394,Construction,286.43,13642.46,130,0
22QJQEE7215B3ZL,Business_395,Construction,469.59,15190.39,171,0
16MENKX4026C6ZN,Business_396,Construction,363.39,17801.56,89,0
20PJVSX1741U8ZE,Business_397,Manufacturing,375.39,49536.26,88,0
21FAVMP1475U6ZO,Business_398,Construction,370.89,15558.92,177,0
11WEASO8257Z8ZT,Business_399,Construction,36.8,1357.37,16,0
34OWSVG0544J3ZZ,Business_400,Construction,400.13,179698.34566438693,140,1
21VATIB7250R1Z9,Business_401,Services,334.64,7418.75,202,0
24WZWRM5729B2ZQ,Business_402,Wholesale,477.45,25024.91,205,0
19QPZOC6755T1ZU,Business_403,Construction,398.69,12785.61,203,0
29QJSAP3662C8Z6,Business_404,Construction,164.41,11121.63,70,0
23PKZPF2066A8Z3,Business_405,Construction,6.85,319.76,6,0
33PBHVL1773Z2ZW,Business_406,Logistics,186.4,10268.42,86,0
28XNZGW0894U6ZQ,Business_407,Services,389.79,4474.54,309,0
11XZJYM6615T8Z4,Business_408,Wholesale,18.36,1207.46,6,0
10JXSOE1492Y9Z5,Business_409,Manufacturing,97.12,9913.81,15,0
17NNKDF8746M8ZQ,Business_410,Manufacturing,256.93,36849.31,76,0
27XHJKT7121U9Z1,Business_411,Wholesale,356.76,24173.37,94,0
28EMKPI0920U5Z5,Business_412,Services,420.59,8079.23,468,0
18GKSCA0023U5Z0,Business_413,Manufacturing,463.89,47188.93,276,1
28CYVDF4381X3ZM,Business_414,Retail,474.71,25431.1,153,0
11WAAWS8079A9ZM,Business_415,Logistics,158.81,8641.69,56,0
19WIWTY8607X6ZH,Business_416,Services,121.3,3060.9,125,0
28DLKZS5330R4ZM,Business_417,Construction,312.39,10392.14,69,0
36FMWXM9692A8ZG,Business_418,Services,208.79,3809.48,176,0
35FGUJF5802U4ZI,Business_419,Manufacturing,123.9,18330.36,33,0
34ICGVH3425G4ZW,Business_420,Manufacturing,67.93,8834.9,17,0
21LOSKK4964Y3ZR,Business_421,Logistics,72.94,2417.79,24,0
14BLXJK0344L6ZR,Business_422,Construction,60.28,1822.02,17,0
11QXFCR5014A1ZI,Business_423,Construction,263.73,9308.04,97,0
33DGIDP1835Z6Z0,Business_424,Wholesale,10.88,327.88,6,0
27CGPWP0531W9ZU,Business_425,Logistics,368.75,25035.74,177,0
15DWBXT9869K7ZE,Business_426,Services,116.56,2072.19,93,0
12BBERU5881W7ZH,Business_427,Logistics,442.64,17715.12,117,0
36ZRDGQ1680R1ZH,Business_428,Retail,234.6,11088.81,51,0
15OJBWF1574C6Z1,Business_429,Manufacturing,305.2,45646.06,56,0
22BGZAL1616P9Z0,Business_430,Wholesale,45.46,3143.23,21,0
20SPLMT0227K4ZO,Business_431,Construction,123.38,8182.81,36,0
29MDRGU1700Z1Z3,Business_432,Retail,130.02,5889.14,44,0
12HZOSE2604I2ZM,Business_433,Logistics,295.59,12508.23,125,0
12SGCYN7009B9ZQ,Business_434,Services,78.72,1300.3,73,0
22REIVS6734M5ZT,Business_435,Logistics,210.65,11336.52,94,0
21PMFAN3168Z4Z3,Business_436,Retail,106.72,5673.45,33,0
36REYEN6401B2Z5,Business_437,Logistics,251.06,13814.94,123,0
26WYQSM0107C3ZY,Business_438,Logistics,158.62,7799.01,76,0
26ITCHY7090G1Z8,Business_439,Wholesale,213.44,7195.41,64,0
14XHFKZ0497L5ZB,Business_440,Services,269.55,7090.73,155,0
16YTUGZ9817U8ZB,Business_441,Manufacturing,8.62,1065.78,5,0
11XRULI2085X7ZV,Business_442,Logistics,76.87,4959.47,39,0
17RSRMZ1085O7ZJ,Business_443,Retail,102.57,6699.93,34,0
19TBSLZ1140V4Z0,Business_444,Services,72.69,1558.29,53,0
31XBPRR9832R2Z9,Business_445,Wholesale,336.6,17892.13,144,0
13LGSAO8053J4Z7,Business_446,Retail,178.29,9100.48,56,0
20VAIQD4916V9ZU,Business_447,Manufacturing,446.29,57017.42,125,0
23BFXCU3241S5ZL,Business_448,Manufacturing,266.3,30705.9,47,0
32FQHKI3461B7Z4,Business_449,Wholesale,64.07,2930.26,21,0
11QPKHW5657C7ZN,Business_450,Services,8.59,192.38,12,0
35QDIOO2498V8ZD,Business_451,Construction,232.75,13910.91,88,0
31OLUKW5601P1Z8,Business_452,Manufacturing,372.04,35817.7,53,0
16NAQHN7173S5ZS,Business_453,Services,6.73,140.17,8,0
19QKONI6203L6ZC,Business_454,Services,16.904635243664018,2445.92,181,1
18OVKNG2978U2ZF,Business_455,Logistics,105.59,5371.88,40,0
23XPBQR8301B1ZV,Business_456,Construction,469.65,32737.14,181,0
36HMUBE3216K8Z2,Business_457,Retail,194.83,12347.49,93,0
27DLPMY4132U2ZT,Business_458,Retail,368.87,21299.58,146,0
11DOJEB7967K3Z5,Business_459,Services,329.31,7688.24,267,0
24ZMTCB0802F9ZT,Business_460,Logistics,158.09,33059.4875181447,79,1
19LIAYD2274J5ZJ,Business_461,Logistics,442.85,29808.53,111,0
11EROIL8126J3ZY,Business_462,Retail,123.12,4306.74,32,0
35KAFGZ0041C3ZK,Business_463,Construction,81.75,4226.98,34,0
36YZEOY7279P7Z9,Business_464,Logistics,307.0,10488.8,112,0
21QISSW1872X4ZK,Business_465,Construction,401.55,17083.17,85,0
24AALBD5198I4ZN,Business_466,Wholesale,403.43,25180.13,119,0
10IETKV7422H7ZM,Business_467,Manufacturing,163.33,14426.87,42,0
24QUVYC4573K5Z9,Business_468,Wholesale,104.54,6119.0,25,0
16GUPVT4356M4Z1,Business_469,Manufacturing,205.8,21610.43,56,0
28FUGWM4392L1Z1,Business_470,Logistics,324.85,15172.94,131,0
20GDTYB9587I4ZO,Business_471,Manufacturing,250.77,26146.08,42,0
11BGTNH7320S2ZQ,Business_472,Construction,167.98,10563.09,39,0
28TXSNF7264N1ZN,Business_473,Retail,378.13,22138.23,172,0
19WQIQX4129K4ZK,Business_474,Services,31.11,583.59,19,0
13PSZZM6124Z2ZA,Business_475,Retail,239.18,9027.94,86,0
23OXWFQ7184Y2ZE,Business_476,Wholesale,38.94,1426.78,17,0
29ZUXDU9267X8ZW,Business_477,Services,386.32,3929.66,215,0
30WXQAK2745Q2Z1,Business_478,Logistics,171.15,7412.49,49,0
35WEOEW0932Y7ZA,Business_479,Construction,58.78858827046838,32277.34,128,1
21GTSAG5035Q8ZV,Business_480,Services,163.6,2037.41,151,0
29SUEER3241M5ZP,Business_481,Retail,189.15,11846.61,74,0
12AHRHB3841F6ZK,Business_482,Wholesale,36.5,2560.23,21,0
37PSUWR3354H5Z2,Business_483,Construction,352.0,17709.51,86,0
22JVUHH5898F3Z5,Business_484,Construction,108.5,6273.53,234,1
37NFJTR8197F7Z8,Business_485,Services,317.46,5171.33,373,0
23OSGLB1159S9ZP,Business_486,Retail,262.13,15828.34,75,0
15OJYRK7652N5ZY,Business_487,Services,350.6,7011.11,188,0
13VWNYI9809K9Z3,Business_488,Services,428.77,4457.9,390,0
15CBLXO6437F9ZQ,Business_489,Retail,337.89,16513.94,303,1
21RVBEC3791X5ZP,Business_490,Manufacturing,338.72,27449.34,46,0
21LBBXX7921P2Z2,Business_491,Manufacturing,192.91,27439.83,30,0
15GCPGI1025N5ZC,Business_492,Retail,283.93,11524.47,90,0
12JEQIR5336L1ZZ,Business_493,Wholesale,123.38,8031.51,41,0
30RZKSM8022E4Z8,Business_494,Services,177.62,2475.78,110,0
15GNQLO9660Y2ZE,Business_495,Retail,152.81,7413.43,42,0
34ZFHTK6423H1Z4,Business_496,Manufacturing,478.15,53358.24,95,0
29MODKN0869W5ZQ,Business_497,Services,351.12,5675.66,261,0
15BAIZT3392R5ZE,Business_498,Services,272.56,7065.62,179,0
31BGGPV6425U8Z0,Business_499,Manufacturing,198.41,27148.83,26,0
10EZZXG6766N5Z9,Business_500,Construction,179.97,10342.68,55,0
11VIPCY5728B1ZY,Business_501,Manufacturing,123.54,13635.86,41,0
32XTOMP3686J8Z8,Business_502,Wholesale,265.92,15656.94,91,0
33YEVYD4047J7ZL,Business_503,Logistics,497.92,33714.79,120,0
37TJBZE4683Z8ZC,Business_504,Services,36.02,393.31,39,0
30OEQUO6054G4ZY,Business_505,Services,365.97,7969.66,200,0
18AKPQU0724Q1ZZ,Business_506,Services,492.55,9948.99,323,0
36APZYF9338P3Z9,Business_507,Construction,142.45,6321.8,36,0
24NUEMB4960H9ZR,Business_508,Wholesale,273.54,13590.57,129,0
22VXIHZ1938E7ZF,Business_509,Wholesale,332.71,13203.61,131,0
24DGHBW8692W6ZA,Business_510,Construction,67.3,3420.8,29,0
30IGPSJ0993M8ZN,Business_511,Retail,483.66,18751.82,134,0
27IWUGQ3428S1ZB,Business_512,Retail,299.11,13707.39,137,0
34WAWLH9164E6ZN,Business_513,Construction,385.4,20149.07,128,0
10POCWN7471S4Z2,Business_514,Manufacturing,399.82,34639.48,114,0
31FNNQF3154I9Z6,Business_515,Construction,383.32,23951.18,179,0
30GEMHS1587M9Z8,Business_516,Logistics,219.03,8081.72,53,0
11PARCT6673H1ZA,Business_517,Retail,208.94,14359.43,84,0
14HLAIQ4278T3ZA,Business_518,Manufacturing,131.0,16678.28,39,0
27OVODC5097Q9ZX,Business_519,Logistics,151.8,8948.25,36,0
37KLQIZ4092U9Z9,Business_520,Retail,318.49,17015.9,158,0
37DIRED1642G4ZO,Business_521,Wholesale,452.07,21762.75,109,0
19SJLJP2480U1Z3,Business_522,Logistics,241.37,10363.28,80,0
30RUXUT7260D7ZL,Business_523,Manufacturing,364.71,50848.6,93,0
10BLANN1720F8ZL,Business_524,Manufacturing,66.48,8856.11,13,0
17TBAMR2667O9ZL,Business_525,Manufacturing,345.11,44856.14,54,0
34SZAMQ7352V7ZJ,Business_526,Wholesale,51.30070989264577,15904.08,93,1
16KBVYF5809V9ZH,Business_527,Manufacturing,80.31,10029.98,18,0
11HVXSG5892W3Z3,Business_528,Manufacturing,403.59,41326.78,112,0
14JLWYW4751F9ZH,Business_529,Wholesale,135.73,8422.09,37,0
23CWQTR7774M5Z2,Business_530,Services,83.59,1855.01,89,0
34ABJNQ6745L7ZL,Business_531,Retail,121.46,4503.3,59,0
25HQXQN5004B8ZO,Business_532,Logistics,33.73,1709.73,17,0
17GGVNB1183P1ZA,Business_533,Retail,478.69,27009.91,159,0
14YONCG7709J7ZS,Business_534,Manufacturing,192.68,26830.38,33,0
21YHLKE0664Z1ZK,Business_535,Manufacturing,365.42,32022.79,85,0
30DFOGJ3913C8ZQ,Business_536,Wholesale,61.16,3033.8,14,0
31RFEOK6268S6ZF,Business_537,Wholesale,114.66,4771.79,59,0
23DGJZM1478N8ZI,Business_538,Logistics,332.87,22949.02,129,0
18CFHLF9913E4ZY,Business_539,Construction,450.19,13853.02,172,0
18NSBKI6179U7ZS,Business_540,Manufacturing,344.78,51649.5,39,0
15EKHZY5998Y2ZW,Business_541,Manufacturing,152.17,18377.3,28,0
21KJYAQ5132Y7Z8,Business_542,Logistics,358.07,23662.92,129,0
32ZKKHO6265Z9ZA,Business_543,Wholesale,152.67,9081.84,61,0
24SBSET8503V6ZB,Business_544,Wholesale,19.32,1089.11,10,0
22FTJKS6902L4Z8,Business_545,Construction,9.68,516.81,5,0
28GKDKL3820S8ZX,Business_546,Construction,283.27,9314.68,63,0
21YQABF9685J2ZU,Business_547,Logistics,310.26,13504.26,118,0
25NLMSX8111Q1ZL,Business_548,Construction,64.44,3380.94,22,0
29EIQJL6773U1ZH,Business_549,Services,190.71,3181.62,210,0
12ORBRH1968E6Z2,Business_550,Logistics,156.44,8429.84,63,0
17PJTGS1161I3Z8,Business_551,Retail,404.56,19239.96,147,0
23AMAOP7621U6Z9,Business_552,Logistics,212.44,11293.53,85,0
21MFRJY4314Z3ZV,Business_553,Logistics,49.35,2503.03,19,0
30RTBDX3705T4ZZ,Business_554,Retail,446.35,13605.05,168,0
16EONFD2163S4ZQ,Business_555,Logistics,326.11,17338.34,106,0
27RTOGS5054V6ZG,Business_556,Wholesale,242.73,9443.53,72,0
27UAZTY4194T3ZU,Business_557,Logistics,324.72,14056.2,127,0
37CLIEP4364O5ZH,Business_558,Manufacturing,260.25,34935.27,73,0
15SDARJ1105G8ZB,Business_559,Retail,161.52,8848.05,50,0
31QLCDP0551Y2ZD,Business_560,Construction,277.87,11848.21,104,0
35PKJCA0176X1ZK,Business_561,Manufacturing,277.25,41507.84,79,0
16JGRTW7744Y3ZY,Business_562,Manufacturing,388.69,40904.85,64,0
14IYHLU3702S1Z1,Business_563,Manufacturing,225.31,28236.13,36,0
34SRERB3945C9Z2,Business_564,Manufacturing,274.11,23228.39,50,0
26BATUJ1631Z7ZI,Business_565,Construction,341.3,22870.4,146,0
16RLCNU3123R6ZZ,Business_566,Logistics,185.74,12600.31,64,0
36UIUFW9192R2ZQ,Business_567,Manufacturing,423.28,46850.3,67,0
18XYUHX0431D1ZF,Business_568,Retail,469.34,23411.91,190,0
29JJGFA2186R9Z9,Business_569,Logistics,308.07,11521.1,100,0
12OMQVZ0623T9ZI,Business_570,Wholesale,133.67,5552.38,37,0
27XHRBQ5771L1ZW,Business_571,Manufacturing,376.34,41856.06,91,0
28IKJHR1806J1ZF,Business_572,Manufacturing,28.06,3944.61,6,0
13BGYYH6863T4ZQ,Business_573,Services,147.71,3478.29,100,0
26KSGYD1149R8ZL,Business_574,Construction,207.13,9391.18,73,0
30ZGFQP9296Z8ZW,Business_575,Wholesale,409.34,18089.6,106,0
26MBBCS3497T9ZZ,Business_576,Logistics,484.1,15781.02,125,0
30KVLBO1446W9Z2,Business_577,Wholesale,358.3,20042.99,112,0
10JYKPP4384D3Z1,Business_578,Construction,475.77,21646.19,100,0
14QGHFU3304W5Z2,Business_579,Construction,240.27,14810.18,63,0
34EDEFN2364V2Z0,Business_580,Services,117.8,2267.21,71,0
12JPXZC4325G6ZM,Business_581,Logistics,337.43,12803.72,130,0
18IESUQ9944M6ZD,Business_582,Manufacturing,286.58,25217.89,61,0
28UGQBU8610Z9Z2,Business_583,Construction,222.7,7832.67,69,0
19ANWGC6448L9ZB,Business_584,Services,11.22,246.56,14,0
31ONYAQ3441Q1Z0,Business_585,Retail,124.61,5479.98,32,0
25PQLSL3802P9Z0,Business_586,Retail,414.2,22636.96,137,0
19KYYRK9454S7Z8,Business_587,Construction,408.02,16949.17,100,0
15TDGAQ3754Q6Z1,Business_588,Manufacturing,203.91,21800.08,55,0
20PHVNG6284W6ZB,Business_589,Services,378.59,6101.68,200,0
10VDBIK1744I9Z1,Business_590,Services,390.8,7580.78,403,0
12FSNYF2505L3Z8,Business_591,Wholesale,216.83,10204.38,100,0
23GXZEF8524C7ZR,Business_592,Retail,259.99,10704.11,106,0
17GGJVL5012P9ZO,Business_593,Logistics,143.79,4980.65,102,1
15YFNOE1593Q8Z5,Business_594,Construction,443.6,17935.64,165,0
15HUQIK0327K7ZL,Business_595,Manufacturing,458.53,64215.51,75,0
21APVTR4284X7ZI,Business_596,Construction,111.68,3997.34,27,0
32MRBMP1075L2Z7,Business_597,Construction,97.2,6071.48,32,0
15XROFW2717D7ZE,Business_598,Construction,12.03,698.4,10,0
24FFYDZ7293V2ZN,Business_599,Manufacturing,195.65,21770.32,54,0
20NJRBQ9560U4ZP,Business_600,Logistics,127.49,6204.84,47,0
23JSUED8567N9ZZ,Business_601,Construction,37.06,1711.45,11,0
23KQQIP1449S9ZO,Business_602,Logistics,153.98,9920.01,59,0
25HHXBP7210Q9ZS,Business_603,Logistics,357.88,17467.65,76,0
26QGYTJ3565O6Z2,Business_604,Services,448.65,8658.13,510,0
37VTZQQ7034K2ZR,Business_605,Wholesale,82.59,5161.03,29,0
29FTDJW7420X6ZT,Business_606,Construction,143.62,7760.3,55,0
22WEMEQ0328K9ZC,Business_607,Construction,305.26,9785.26,92,0
29VYPZN7291P2Z7,Business_608,Manufacturing,131.14,13532.5,29,0
27OGQAP7591G8ZY,Business_609,Services,18.18,2304.0432283737528,13,1
35AAQJO0169X6ZR,Business_610,Services,41.05,999.7,44,0
17WNPXW8461X8ZY,Business_611,Retail,345.79,16086.57,164,0
32GMCVU1021S8ZG,Business_612,Construction,354.55,21189.38,92,0
13SKXBZ5704Z5Z3,Business_613,Services,209.78,5648.11,159,0
11BDCLH3041Y5Z2,Business_614,Logistics,210.48,13363.9,94,0
33JYHKR7630Q7ZT,Business_615,Services,263.1,7521.2,255,0
21JVWMI5717R9Z5,Business_616,Retail,104.95,4681.94,31,0
17NSXQJ2176S6ZB,Business_617,Wholesale,278.7,14515.61,129,0
19GOSDG2763T4ZY,Business_618,Wholesale,103.94,6937.4,46,0
14PBRTS9548E9Z3,Business_619,Manufacturing,331.96,45075.22,91,0
18WUCRH0717L7Z6,Business_620,Wholesale,23.28,977.1,12,0
18ZUSOI7535V2Z5,Business_621,Retail,120.06,5812.35,52,0
26CGRNB8338S2ZC,Business_622,Wholesale,389.32,16601.24,141,0
16QEZXT1643C6ZY,Business_623,Wholesale,107.79,5061.48,55,0
24DEDEB8935L3ZZ,Business_624,Manufacturing,463.04,45615.81,61,0
15OAUIT1868R7ZT,Business_625,Construction,356.91,20596.83,158,0
24XMDTT2892M3ZF,Business_626,Construction,276.03,9884.22,94,0
31PYGGR8135S2ZA,Business_627,Construction,110.35,3807.81,26,0
17IPJTX9346O8ZZ,Business_628,Logistics,25.86,1482.96,10,0
34QOYDT9954B7ZJ,Business_629,Logistics,464.68,20245.62,187,0
16BBVAM8559Z2ZB,Business_630,Wholesale,330.89,20930.07,1014,1
34FVFTC8501M7ZC,Business_631,Retail,150.1,9316.91,61,0
34YQNHY9690I9Z1,Business_632,Wholesale,401.41,27017.57,147,0
21VCSNX7900F3ZG,Business_633,Manufacturing,207.44,25593.48,39,0
33GJZBM0505B3ZC,Business_634,Wholesale,495.32,23966.42,168,0
26KLLVA3185M5ZZ,Business_635,Wholesale,463.04,14124.02,125,0
27DIJUA0558R3ZB,Business_636,Wholesale,113.74,5174.05,324,1
27LKWXR9402K8ZK,Business_637,Manufacturing,336.59,36624.9,95,0
15TXMOT6929E1ZL,Business_638,Construction,25.09,1354.76,60,1
21KYLKN4634B6ZF,Business_639,Construction,440.35,19253.08,166,0
11NEXRV5629Z8ZR,Business_640,Manufacturing,216.9,25433.1,36,0
13LXFXR5466G1ZT,Business_641,Retail,471.48,30563.64,100,0
33SAHAO6796L8ZT,Business_642,Retail,357.72,18701.79,140,0
17JKDQG7532M9ZA,Business_643,Retail,143.25,4869.22,40,0
19QYFME3582J4ZW,Business_644,Services,43.41,889.72,42,0
27POUQA8412R8ZA,Business_645,Wholesale,255.17,12749.1,58,0
27JFPCR5002W8Z7,Business_646,Logistics,304.9,12105.33,102,0
16LPYGG0960X2ZW,Business_647,Wholesale,226.93,8040.58,73,0
25TNYLE1584M5Z9,Business_648,Construction,324.31,44184.80090626451,126,1
34NDZLS2933W9ZA,Business_649,Manufacturing,14.32,1780.04,4,0
19OAGYZ3505Q3Z0,Business_650,Construction,44.75,3022.83,18,0
36UDLOD3948Y9ZS,Business_651,Services,312.98,4693.34,195,0
29RNRVN4760S8ZF,Business_652,Services,210.11,2567.24,193,0
17PSMMU3828A1ZB,Business_653,Manufacturing,116.34,13940.61,16,0
36TDGIL3228M7Z5,Business_654,Manufacturing,353.19,51059.77,66,0
37ELWHT5333M6ZH,Business_655,Wholesale,179.47,10106.17,72,0
32JXZDP8298V2ZQ,Business_656,Services,139.89,3187.35,107,0
26XHQKI2529J5ZW,Business_657,Construction,209.63,12102.9,93,0
19YTETU1197B6Z3,Business_658,Logistics,316.94,19545.37,160,0
34WCZVW8650U6ZH,Business_659,Construction,295.99,11174.76,109,0
34ESMLH1017R7ZP,Business_660,Wholesale,370.46,15141.29,166,0
35XWGOB6762V7ZB,Business_661,Manufacturing,424.84,48617.72,69,0
12RBMFQ3749V8ZP,Business_662,Construction,327.86,15350.31,123,0
13XJTGR3208H8ZX,Business_663,Retail,240.81,14985.05,80,0
29TSMSW3316H5ZS,Business_664,Logistics,326.58,21842.46,163,0
16BCEED6505W2ZI,Business_665,Wholesale,316.1,147508.83620024778,74,1
17NLVBU7521Q2ZS,Business_666,Logistics,55.85,3746.5,26,0
17FEJVI3012T1ZT,Business_667,Manufacturing,484.83,61166.49,86,0
14AKWLE3734B5ZJ,Business_668,Services,41.51,881.54,30,0
18WSFHC5286Y2ZS,Business_669,Retail,12.68,518.34,9,0
17WNJNL4571K9Z0,Business_670,Services,376.99,10237.97,442,0
24GQFJF4083S2ZT,Business_671,Wholesale,6.39,197.39,6,0
32BIMTT7514O6ZP,Business_672,Services,366.97,5333.25,356,0
35HEYYX9377V5Z7,Business_673,Logistics,460.43,26394.12,155,0
13YJZLZ8330C2ZL,Business_674,Logistics,458.42,20338.43,224,0
31CGRGA5026I8ZV,Business_675,Logistics,389.88,14837.06,154,0
36UUIMC3496I2Z2,Business_676,Logistics,170.63,7361.75,75,0
34HVQQT0088K1Z2,Business_677,Retail,294.73,54980.95797308254,147,1
16GLCZJ6054M7ZS,Business_678,Services,328.27,5612.6,243,0
23UEHKN5089S6ZU,Business_679,Manufacturing,119.85,80324.86033903841,28,1
24MUGPP5388T1ZK,Business_680,Logistics,427.53,16786.22,106,0
30ASYFH4389J1ZV,Business_681,Wholesale,427.47,15526.27,105,0
10PWSGH2601V3ZB,Business_682,Services,374.93,5887.63,351,0
28XEUVV9053K2ZM,Business_683,Retail,39.74,1499.21,23,0
26SJOPI0757O9Z1,Business_684,Logistics,301.93,19810.98,61,0
24XYFQT3725G8ZU,Business_685,Construction,249.08,14534.66,89,0
24FBROH4049D4Z6,Business_686,Wholesale,126.67,7454.39,164,1
19LPVBO5426S6ZI,Business_687,Retail,435.36,19390.41,170,0
25KEZZW6745M1ZG,Business_688,Retail,111.43,5656.32,52,0
37NACQW7717V7Z2,Business_689,Manufacturing,474.62,38711.33,72,0
20UZQBZ1101W5Z7,Business_690,Logistics,132.38,7001.82,32,0
34WLQZI1501T7ZQ,Business_691,Manufacturing,267.24,25337.01,66,0
21GEBBK7009H8ZQ,Business_692,Wholesale,140.67,7849.39,59,0
16RTJSD5574Q4ZE,Business_693,Retail,116.44,5209.9,30,0
30WHMRD0037Q2Z3,Business_694,Retail,254.43,10193.42,68,0
27JJSEQ7145V2ZB,Business_695,Logistics,85.41,4354.6,31,0
30SSRVY5420Z7ZJ,Business_696,Services,113.55,2695.47,65,0
16VGYOQ8344N1Z0,Business_697,Logistics,202.76,6202.47,103,0
13CRVIA1930V3ZJ,Business_698,Construction,77.02,4049.83,22,0
19GXHHD7360T7ZA,Business_699,Construction,299.45,14576.66,71,0
20KSTZQ5312S2Z3,Business_700,Wholesale,292.37,11218.68,95,0
26JPADK4817S7ZD,Business_701,Manufacturing,469.47,68024.01,89,0
21QKEVN9489P9Z9,Business_702,Logistics,239.44,8058.91,445,1
31NNYZB4694E7ZT,Business_703,Logistics,133.74,6316.15,49,0
36MTSXB8797W7Z2,Business_704,Retail,216.35,10216.02,65,0
33CBVNZ0452B2ZO,Business_705,Services,441.68,4721.18,446,0
23JXRYC3976F7ZJ,Business_706,Wholesale,396.33,21496.65,136,0
21DBOUL4257I4Z9,Business_707,Services,144.86,2000.69,171,0
19CUFSO9005M2ZY,Business_708,Services,383.28,39625.066613180345,362,1
13KXMMX5930Y7Z7,Business_709,Wholesale,336.65,16577.43,131,0
22PHHJV2021P6ZZ,Business_710,Retail,222.29,14988.7,56,0
37TSQMR8606Z1ZB,Business_711,Services,335.34,9752.88,359,0
17ZNFUE3622Q6ZY,Business_712,Construction,325.65,10687.16,96,0
20XJYFT4580G4ZA,Business_713,Construction,142.34,8993.24,67,0
29AOWTG0575T3ZR,Business_714,Wholesale,248.96,11158.44,94,0
20DOVSP8070A4ZF,Business_715,Logistics,123.95,4143.78,44,0
32ISRCN8545B7ZH,Business_716,Logistics,179.37,12530.02,45,0
25EPXAL9726V2ZA,Business_717,Manufacturing,11.89,1621.04,4,0
33BOZQJ6269D9ZI,Business_718,Retail,64.09,2571.45,19,0
30BIMQF9856F4Z9,Business_719,Construction,285.15,11617.39,106,0
22ESWQZ8102F5ZE,Business_720,Services,421.49,8707.71,296,0
31XLNKA2236R2ZG,Business_721,Wholesale,231.66,12918.13,99,0
17UENLO5578I4ZG,Business_722,Construction,486.27,18128.37,130,0
25ZYSIX2977F6Z0,Business_723,Retail,457.96,22185.52,133,0
25LTAHM8064R1ZF,Business_724,Wholesale,98.39,4526.77,48,0
13QDGAB1629W4Z1,Business_725,Logistics,334.99,17283.53,156,0
21CRIEP0875Z3Z3,Business_726,Logistics,112.09,3540.32,41,0
16PQHVM9676F7ZO,Business_727,Manufacturing,266.82,23227.63,57,0
11OKCNG3744O1ZI,Business_728,Manufacturing,39.37,4557.78,30,1
19WBGHU3401M8ZU,Business_729,Retail,274.21,13163.72,65,0
13HUBDV6568Q9Z6,Business_730,Logistics,472.81,17204.86,163,0
34PUPEG9864R6ZA,Business_731,Services,151.01,3114.62,90,0
14UIHCP3723G2ZY,Business_732,Wholesale,463.89,15877.3,229,0
17UQAGB2304S2Z7,Business_733,Manufacturing,292.37,40600.15,79,0
23KGVUK2570J5Z1,Business_734,Manufacturing,357.98,47169.2,99,0
25KUZZZ4023W9ZL,Business_735,Retail,116.89,4622.28,43,0
22TBLXY7930Z9ZK,Business_736,Manufacturing,299.13,41273.57,58,0
35DTFXD3785J6Z9,Business_737,Logistics,343.6,11975.09,111,0
14MFYGK8897F3Z4,Business_738,Retail,71.1750432652978,29268.13,233,1
15RAGXH6141Q1ZC,Business_739,Wholesale,436.66,28508.75,222,0
32UUDYA3006M6ZA,Business_740,Logistics,222.25,10250.59,89,0
21BBGIR1705D7ZO,Business_741,Wholesale,99.71,5478.63,54,0
12BIWRZ3527M7ZO,Business_742,Services,167.44,3607.4,190,0
17KVNUG4415Z1ZP,Business_743,Wholesale,92.48,5053.26,40,0
18BSBQS0170I6ZH,Business_744,Manufacturing,44.86,5177.79,11,0
24IWIBD5786G1ZF,Business_745,Manufacturing,451.57,45915.24,65,0
10RQVQJ1959Q1ZD,Business_746,Retail,485.75,25023.63,123,0
28IKDKF3608U3ZF,Business_747,Retail,107.92,4634.95,56,0
22XWTNR8738Y6Z0,Business_748,Logistics,33.56,1692.87,9,0
20FPNIW8231B7ZG,Business_749,Construction,420.01,14782.31,113,0
35XPQXT2767D9ZA,Business_750,Retail,77.35,2789.44,34,0
37NRZDP8502T1ZO,Business_751,Logistics,305.74,19335.89,73,0
32QDHOX1518D3ZN,Business_752,Services,409.38,7862.97,334,0
10PCCTC9152X5ZF,Business_753,Construction,383.99,18943.8,173,0
27EVUJB3935X7Z2,Business_754,Manufacturing,383.29,40908.1,98,0
21GQDJF8623O4Z3,Business_755,Wholesale,163.29,10124.08,61,0
29CTXAS4595J8ZJ,Business_756,Manufacturing,234.72,27121.36,41,0
15TMSRB8661Q6ZA,Business_757,Services,25.238622291641718,6412.81,202,1
21SZWKX1437P2Z4,Business_758,Wholesale,173.68,8960.92,46,0
11QTCFM2917V5ZX,Business_759,Wholesale,63.0,2351.92,28,0
16CGCGS6786X4ZC,Business_760,Wholesale,61.24796487126718,13213.76,184,1
33HGSNL9749Z5ZX,Business_761,Services,186.05,2499.27,214,0
21TDTYI3307L9ZO,Business_762,Construction,36.039607288549526,7737.62,90,1
29BUZCA3511X9ZJ,Business_763,Retail,32.96,1686.99,16,0
21FIDZI6062R6ZJ,Business_764,Retail,383.25,14497.3,136,0
12VLMAX7865Y8ZG,Business_765,Services,118.74,3529.03,102,0
33BSOKT6610M8Z1,Business_766,Manufacturing,22.891808722062713,19659.02,32,1
29XHNLO5027J1Z6,Business_767,Wholesale,137.04,7134.06,52,0
25CFHSJ1419P6ZJ,Business_768,Services,52.03,618.69,49,0
34CVDGP3097J4ZI,Business_769,Retail,366.73,11707.46,142,0
21XHCDA3421A6ZS,Business_770,Services,389.36,4744.41,211,0
17BNNEM0311E4ZJ,Business_771,Services,140.75,2040.33,142,0
28BHMDF0620Q1ZH,Business_772,Services,131.24,2798.89,84,0
13GDCJP9487Y6ZD,Business_773,Retail,444.75,25158.31,139,0
20WNVKG5676I8ZI,Business_774,Manufacturing,219.57,29384.32,210,1
13SLIUW7868P5ZU,Business_775,Retail,115.45,5350.68,49,0
34SJXFM4112Q9ZV,Business_776,Wholesale,56.34,2969.38,26,0
19JYBAP3656H9ZG,Business_777,Services,349.69,5765.32,256,0
37OFQXX3986Z9ZY,Business_778,Services,395.22,9891.45,282,0
11KXDIN2733G1Z8,Business_779,Manufacturing,79.81,8385.34,26,0
13LPJIJ6240T1ZW,Business_780,Services,273.5,3858.74,318,0
29TNWSH3708Q1Z5,Business_781,Wholesale,154.19,7809.21,67,0
11DKCFS5530P6ZN,Business_782,Manufacturing,285.28,28198.22,36,0
10EAPGP1789Y9ZE,Business_783,Services,115.64,2130.16,75,0
14PKJYY1212V1Z5,Business_784,Construction,333.84,15516.41,157,0
30RGNYJ0443O5Z1,Business_785,Manufacturing,377.26,55601.07,85,0
21LFGYB5596W4ZX,Business_786,Retail,437.82,30308.08,146,0
17CHKHV0153F3ZF,Business_787,Wholesale,311.07,11604.61,127,0
29ZKOOP6514O2ZK,Business_788,Manufacturing,129.46,11133.54,38,0
35PSRFZ3647K6Z0,Business_789,Construction,499.93,34751.28,141,0
16TAIQM5082F1Z7,Business_790,Retail,428.02,26789.68,165,0
19ECRHR7766M7ZQ,Business_791,Logistics,1.3187390233924883,621.99,9,1
13VDBZY8212M9ZI,Business_792,Manufacturing,468.12,56989.53,57,0
23QGVWT8685W3ZG,Business_793,Services,410.78,6095.02,494,0
28HKCWQ5623Q3ZX,Business_794,Manufacturing,10.17,1154.04,4,0
30FPJJG5573B1ZE,Business_795,Construction,190.75,12256.23,47,0
17SBQWI6200O1ZG,Business_796,Services,13.51,405.6,14,0
22VRXHU4439O8ZO,Business_797,Manufacturing,210.95,25429.61,52,0
25KFSKL7695F5ZI,Business_798,Logistics,12.59,660.84,6,0
10TFDOR3341R1ZT,Business_799,Retail,305.96,19744.78,116,0
19BIXBY0486T3ZA,Business_800,Construction,368.75,17200.5,129,0
16RJDNC1383F3ZU,Business_801,Services,317.22,5871.21,181,0
37KBEEE7718V5Z3,Business_802,Wholesale,17.43,538.98,6,0
11FPMBK7530K2ZM,Business_803,Wholesale,479.92,30655.41,172,0
34JDSCJ1810E7Z9,Business_804,Manufacturing,397.74,42811.22,74,0
15UDNPK1243S9Z9,Business_805,Logistics,86.47,22841.45900264368,42,1
26VIAYQ8697R4ZP,Business_806,Construction,255.0,17414.1,123,0
12TXAAS6685P2Z2,Business_807,Logistics,152.8,6674.72,61,0
35VOHVW2484M7ZP,Business_808,Wholesale,32.25,8271.35711233292,16,1
37DCEDD8665U3ZZ,Business_809,Construction,230.09,7766.03,100,0
14WDKAP8877S9ZZ,Business_810,Logistics,296.02,10302.22,86,0
30XMDZC6075T2ZB,Business_811,Wholesale,287.12,19530.74,61,0
31QSDAT3405G8ZK,Business_812,Services,264.26,6386.13,290,0
14GPZWE8780T8ZN,Business_813,Retail,206.19,9164.4,105,0
22NLIIZ7118C4ZU,Business_814,Services,456.64,8596.71,272,0
30PLWRW9741T3ZD,Business_815,Logistics,267.65,10131.44,114,0
22XVEZM4575H2ZP,Business_816,Manufacturing,131.74,13838.1,23,0
16SBRDW7823X4ZS,Business_817,Retail,142.04,8283.25,36,0
31ZUMTN2598H4Z7,Business_818,Wholesale,417.32,24190.61,635,1
18BSLPM7487H6ZR,Business_819,Wholesale,158.89,10189.43,74,0
26LROCV9143P4ZM,Business_820,Services,101.39,2071.28,96,0
15HWAYU1010V7ZS,Business_821,Construction,212.11,12744.68,49,0
28STXYX2574Z4ZA,Business_822,Wholesale,415.39,26542.39,161,0
10PUZUI1719H8ZR,Business_823,Retail,65.1,3535.33,25,0
12GJSZW4207Z6ZA,Business_824,Construction,83.43,24629.31775131664,21,1
16DYPJH9167K2Z1,Business_825,Logistics,435.64,30356.25,216,0
11IGEVW0940A8ZF,Business_826,Manufacturing,140.82,17292.17,45,0
25WXEYV2091Q5ZP,Business_827,Services,159.31,3504.64,118,0
27XDEUP4859F8ZX,Business_828,Retail,430.25,22141.39,168,0
12SCIZK3043F8ZX,Business_829,Wholesale,217.0,14431.97,58,0
37UIMAE6772J6Z4,Business_830,Construction,45.91,1969.67,18,0
37DXBOJ7973I2ZD,Business_831,Construction,333.29,21491.4,143,0
19XQGTS0772D7ZK,Business_832,Wholesale,443.87,15608.92,194,0
17FJUEX2702W2ZY,Business_833,Retail,355.93,14644.08,167,0
28QOPGL5002X6ZC,Business_834,Manufacturing,395.6,36501.68,80,0
12XVOBQ0297D3ZT,Business_835,Manufacturing,474.83,63645.46,102,0
25PTQVL7811Q5ZM,Business_836,Wholesale,50.17,1864.52,25,0
33AJYHT1414K5Z4,Business_837,Manufacturing,459.59,63481.24,49,0
18MVAUX8627D3ZC,Business_838,Logistics,154.14,9802.84,38,0
25UYZSK6957C8ZM,Business_839,Manufacturing,168.84,19739.32,37,0
36WYBHL3299Q8Z4,Business_840,Manufacturing,252.65,22126.14,43,0
26UHNMV6347G5Z3,Business_841,Logistics,276.74,9086.94,116,0
25PMIHH1480D3ZB,Business_842,Retail,116.24,4228.54,61,0
19LKAOM2952V7ZD,Business_843,Services,199.95,5705.61,116,0
13QPSLI9898F6ZP,Business_844,Retail,82.59,5734.46,28,0
26GOEOD9778C5Z0,Business_845,Manufacturing,161.17,23345.87,32,0
31ESSFV0701U3ZH,Business_846,Wholesale,162.79,5928.17,78,0
26SJFIT5775F8Z8,Business_847,Retail,354.32,20359.6,130,0
15ACVQT2429A9Z9,Business_848,Retail,125.3,8046.81,46,0
33DAZIY8260T1ZP,Business_849,Logistics,181.61,8222.82,61,0
16GAJZN6389H6Z8,Business_850,Retail,312.68,18978.85,159,0
11OECRR6760G7ZG,Business_851,Logistics,408.69,20933.87,150,0
15KYRWO6356E1Z0,Business_852,Retail,168.03,8453.07,71,0
33OIMOJ3608T2ZJ,Business_853,Manufacturing,41.46,4173.64,11,0
11YQKIM0618W1ZX,Business_854,Retail,265.6,10265.4,116,0
12UXNCW5232Y7ZV,Business_855,Retail,413.7,17665.09,108,0
31BHVVE1605C6ZV,Business_856,Logistics,363.01,24829.04,153,0
19IMWAJ6021Q7ZQ,Business_857,Logistics,245.0,12147.47,60,0
23KTUHW4849U8ZR,Business_858,Manufacturing,172.01,17646.45,44,0
28SCGMJ2652V8ZU,Business_859,Retail,231.14,8330.36,90,0
17FTTQE8336S2Z5,Business_860,Logistics,63.28,4201.77,33,0
12UKYPP0029Z1Z0,Business_861,Manufacturing,476.32,41635.75,101,0
35CXOCI1098F9ZH,Business_862,Services,99.96,2572.98,96,0
25RECYG3264L4ZM,Business_863,Logistics,115.11,7295.08,54,0
16LFKGC3026Y2Z9,Business_864,Services,82.25,1209.18,57,0
18LDXDO7613H3ZV,Business_865,Logistics,253.35,15269.21,110,0
28DUUUE1001N7Z6,Business_866,Manufacturing,345.23,36299.35,55,0
28PWMFU5842B7Z1,Business_867,Logistics,317.78,10633.23,74,0
16NLDPB8809J5ZW,Business_868,Construction,313.81,14530.83,113,0
33UXYST1735H1ZS,Business_869,Construction,327.74,14578.31,78,0
11XSYMQ2456Q4ZB,Business_870,Retail,139.6,9365.51,63,0
22GTLJG3234R1Z8,Business_871,Wholesale,27.46,1730.22,12,0
13DSPDB6652X9ZT,Business_872,Logistics,409.58,17030.6,111,0
12LPXVS3137N1ZV,Business_873,Logistics,122.01,8217.31,49,0
20DKRUJ8275N3ZO,Business_874,Services,16.15,382.8,21,0
14LNBFA8217E8ZH,Business_875,Wholesale,127.14,6210.23,33,0
16GQXMJ6108C6ZV,Business_876,Retail,437.04,20526.0,200,0
13ODNLC5710H2ZV,Business_877,Services,168.77,1884.36,121,0
15KPEUS6514G3ZB,Business_878,Manufacturing,395.76,41904.77,70,0
17QVCIR0554Z5ZI,Business_879,Construction,108.81,4146.51,54,0
23CKZWE6621H6ZO,Business_880,Services,428.0,5272.79,485,0
36GICTK2645B6Z5,Business_881,Logistics,349.03,15791.73,170,0
19WUMNI1804Z4ZO,Business_882,Manufacturing,134.9,16232.84,39,0
31RZQXI8753J3ZK,Business_883,Construction,440.34,30516.98,205,0
22DLIXB1056V6ZY,Business_884,Wholesale,41.45,2683.3,15,0
37MZOQE3468Z4ZL,Business_885,Services,296.48,4186.89,228,0
17ZMLAL6498F5ZZ,Business_886,Construction,269.99,12121.29,128,0
37KGUIK7771I4ZR,Business_887,Retail,316.0,21993.09,111,0
25KTISN7273Q4ZF,Business_888,Manufacturing,389.12,365372.9669021058,85,1
10IMZHT9511C4ZA,Business_889,Construction,321.15,22179.98,500,1
15XAZSZ8651K6ZY,Business_890,Manufacturing,357.73,48471.77,64,0
16CQWJM1472Z6ZT,Business_891,Retail,427.32,20832.62,149,0
17NZUKG7973J3Z0,Business_892,Wholesale,86.63,5776.04,44,0
12NMTPY9879K7ZY,Business_893,Logistics,354.35,18392.67,120,0
35ECCXR3978F3ZZ,Business_894,Manufacturing,259.13,29762.59,256,1
37FGAMP1210P8ZQ,Business_895,Services,262.78,3055.38,304,0
28IVXOH9708W1ZT,Business_896,Construction,136.1,9388.67,55,0
26DCHYS8896A4Z1,Business_897,Manufacturing,418.28,330588.5174356544,51,1
37WREPP6348J8ZC,Business_898,Manufacturing,370.34,54698.23,104,0
33LYVGR0331A3ZO,Business_899,Manufacturing,435.72,38680.67,48,0
20JHZVB6782R1ZC,Business_900,Manufacturing,381.01,34804.25,67,0
12QVMHL9492Y4Z6,Business_901,Manufacturing,355.12,49676.89,104,0
12TAMJQ4446L4ZI,Business_902,Manufacturing,154.52,20006.41,32,0
30GYLEW8435K1ZT,Business_903,Logistics,26.55,1337.74,17,0
13PDQPH4035E3Z6,Business_904,Services,299.19,3245.55,301,0
30HSJTU8683Y9ZF,Business_905,Services,6.15,604.4804259037668,10,1
32HFVKF4893V2ZI,Business_906,Wholesale,186.73,7476.03,97,0
30BYDPF9506Y9ZB,Business_907,Wholesale,302.74,11119.44,150,0
22NWMRQ6599Q8ZO,Business_908,Retail,145.96,10188.24,40,0
36FDCKT7917N9Z7,Business_909,Logistics,22.95,1510.22,12,0
14MDRJT1990N5ZD,Business_910,Retail,328.56,12126.29,83,0
23NKWUI8361C7Z9,Business_911,Retail,318.85,11742.88,84,0
21EYMGS6256A6ZL,Business_912,Construction,14.76,628.18,6,0
32FIZAQ3054V5Z7,Business_913,Construction,119.05,3694.75,57,0
27FAKPT5706O5Z6,Business_914,Construction,437.3,25561.4,176,0
15IIJLX9210M7ZP,Business_915,Manufacturing,479.62,424447.9383855349,72,1
23BBLTV4124S5ZD,Business_916,Services,231.1,5958.7,197,0
24DVWKT3592F6Z1,Business_917,Services,354.82,9260.07,270,0
17EKJDZ7781K8ZU,Business_918,Logistics,429.12,28128.8,119,0
25SDKMM0456E4ZN,Business_919,Construction,116.0,6566.73,30,0
11AQCPH2053Y4ZE,Business_920,Construction,241.06,9607.15,110,0
20ZJRSJ9717X7Z4,Business_921,Services,425.88,9365.29,255,0
36ACIDC6499L6ZL,Business_922,Services,225.08,2955.82,260,0
23TRLVI6066O8ZZ,Business_923,Construction,209.49,7127.64,64,0
33OXDSR5786A4Z4,Business_924,Manufacturing,490.03,53770.07,69,0
13JMDMK7007G7ZR,Business_925,Services,36.80131704034501,2402.77,101,1
21YPOWB7662L9ZT,Business_926,Logistics,36.436948190630666,11342.64,87,1
36MCFAT5128Q4ZK,Business_927,Services,272.72,7250.67,229,0
24DTXDR4467S5ZM,Business_928,Construction,373.17,25687.66,75,0
17DGIBW4367E6ZK,Business_929,Construction,214.57,9076.9,92,0
36GPYMM5916G4ZQ,Business_930,Logistics,346.97,18333.05,142,0
37MQWZE7248Z3ZO,Business_931,Retail,478.65,29932.67,147,0
32AAGRO7644T5ZJ,Business_932,Construction,85.61,5462.81,23,0
26JANEB4484B8ZT,Business_933,Wholesale,185.54,7113.68,64,0
27PJNPD6586C4ZA,Business_934,Construction,216.02,12226.43,75,0
10DIKRC2794I8ZB,Business_935,Construction,150.27,9843.06,54,0
11MJZKJ8416Y4ZJ,Business_936,Services,274.11,4507.39,328,0
10HKTFI3186P5ZH,Business_937,Manufacturing,446.43,49634.84,60,0
22JNPZW6929L5Z3,Business_938,Manufacturing,17.57,2131.99,8,0
36NWBND4172R8ZG,Business_939,Logistics,156.96,10379.07,79,0
13AJLLB9537M3ZO,Business_940,Wholesale,478.95,29078.54,191,0
15OQKBD4758Q6Z1,Business_941,Logistics,118.21,3654.86,57,0
24HUULC9710N1ZH,Business_942,Manufacturing,15.58,2091.04,4,0
37FBKKV7607I8ZN,Business_943,Services,169.27,4553.56,186,0
14QBHBJ3392L3ZX,Business_944,Services,361.97,8592.85,244,0
22VVCVD9749T9ZB,Business_945,Construction,114.16,4595.9,50,0
25DYWFO1990C7ZJ,Business_946,Logistics,109.6,5668.96,38,0
27QFKGP8240S7ZZ,Business_947,Construction,468.77,29439.61,212,0
18OHUWI8803Q8ZX,Business_948,Logistics,463.76,27611.57,198,0
18NQQDQ1986Z5ZJ,Business_949,Logistics,496.94,106180.63422391463,249,1
28FYRKV4810Z2ZR,Business_950,Retail,79.44,3626.5,22,0
28BGVCN4418F1ZG,Business_951,Retail,30.83,964.43,11,0
13YLBNX5998O6ZC,Business_952,Wholesale,295.66,19164.25,124,0
15ZBJXG0119L5ZY,Business_953,Services,492.4,9738.4,493,0
28LTAJJ0894Q4Z1,Business_954,Services,260.36,4770.25,285,0
31YIZNA2679T1ZP,Business_955,Retail,177.03,8332.95,57,0
12BCXEB5671B3ZD,Business_956,Construction,169.62,10932.79,43,0
18LXOIR9066B5ZE,Business_957,Construction,221.84,11463.51,89,0
30EYVAA0656W4ZM,Business_958,Logistics,236.38,13302.36,84,0
19APJAZ8263P6Z6,Business_959,Logistics,202.84,13880.86,70,0
31CNURH4579L6Z0,Business_960,Logistics,391.91,27128.35,136,0
11DOUAC1464G2Z3,Business_961,Logistics,262.67,8663.25,112,0
17AKIZV4147Y2ZD,Business_962,Manufacturing,48.27,6007.13,8,0
35VFETB5844D1Z5,Business_963,Services,104.94,3153.87,92,0
37XXUEZ0976P8Z2,Business_964,Construction,248.58,9970.17,89,0
36AFICC1893H1ZI,Business_965,Manufacturing,177.13,23900.66,41,0
20OAYDB0508B9Z7,Business_966,Wholesale,86.45,6009.31,41,0
21LFDPB9102T6ZU,Business_967,Wholesale,483.67,29968.28,231,0
35OZWGD4152U1ZK,Business_968,Services,373.49,8499.24,336,0
22GRWMV1769B3Z7,Business_969,Wholesale,248.49,10623.54,57,0
31RNFZI2720K4ZB,Business_970,Retail,319.08,10090.83,85,0
11AAWSW6492W3ZG,Business_971,Construction,131.29,5623.81,42,0
34QBIYW5731D5ZV,Business_972,Construction,220.86,10338.54,74,0
23XYTHW5595Y4ZC,Business_973,Construction,291.97,10084.55,94,0
22LSPWC1477L6ZA,Business_974,Wholesale,412.93,12687.12,169,0
24QVTTP9970Q2Z4,Business_975,Retail,65.61,4215.06,26,0
19PAPIA1324E1Z2,Business_976,Retail,273.52,10995.62,61,0
17DQIQT9047C2ZS,Business_977,Wholesale,25.0,875.88,15,0
23ITJRU9358Q8ZR,Business_978,Retail,333.4,17940.17,126,0
28LNANL7948C3Z5,Business_979,Manufacturing,430.65,40812.37,90,0
17FFPML4958O8ZR,Business_980,Construction,381.12,19010.66,91,0
18BAWDM2921Y4Z6,Business_981,Manufacturing,206.02,25425.41,39,0
14NMYWT2682I1ZC,Business_982,Retail,97.84,5812.97,43,0
36LYVBI5546F8ZZ,Business_983,Retail,213.25,13259.26,104,0
12TYXDH2210G8ZL,Business_984,Services,262.02,3634.87,309,0
25VWGOL5407Z9ZF,Business_985,Construction,62.29,3365.83,25,0
29ZIODZ2451F9ZK,Business_986,Logistics,467.68,17812.01,115,0
21AMGXL4821S1Z0,Business_987,Construction,159.28,9238.52,58,0
20DDZPC2588L8ZS,Business_988,Services,405.36,8321.64,350,0
20VCGHO8191N2ZA,Business_989,Construction,379.32,19781.27,110,0
21QJMCN1501Q8ZX,Business_990,Wholesale,20.27,1078.66,11,0
24XCQDF5613L8ZT,Business_991,Wholesale,114.43,7825.65,42,0
17IRQJS5690X4ZU,Business_992,Services,388.21,10870.62,325,0
11RUVKX1373W3ZU,Business_993,Services,47.903611209576596,7035.36,415,1
20QTITI1657M4ZV,Business_994,Logistics,458.08,24052.22,109,0
36LEPLA8794D2ZE,Business_995,Logistics,433.4,15635.51,156,0
13UZAOJ7724Y1Z6,Business_996,Wholesale,25.28,1706.07,14,0
23ABXIN5852V9ZL,Business_997,Logistics,395.99,20946.82,87,0
20TWNEW3132X9ZM,Business_998,Wholesale,103.52,6456.36,24,0
37YJPOO6906T4Z8,Business_999,Retail,355.54,22497.93,177,0
22NIZDD0294P2ZS,Business_1000,Retail,121.05,3826.87,62,0
15VYMXP7369R4ZD,Business_1001,Logistics,19.08,581.97,5,0
19MAVBE7751E4ZU,Business_1002,Services,307.03,5654.41,211,0
19KGLZS2715B1ZB,Business_1003,Construction,199.35,6740.86,71,0
11GEZZM4769X9ZG,Business_1004,Logistics,61.63,3437.18,34,0
29IAQJA7957E1ZQ,Business_1005,Construction,395.43,23440.11,186,0
25AKJCZ1582C2Z3,Business_1006,Services,279.37,3357.12,252,0
35IAXDF5305Z1ZW,Business_1007,Construction,86.57,2885.66,37,0
14ZSLDL1800Y2Z5,Business_1008,Retail,188.06,8687.29,75,0
12HQVTG2301S9ZU,Business_1009,Construction,43.12,2999.78,14,0
22JNEQS6923S7ZL,Business_1010,Wholesale,125.68,4839.84,38,0
19XTSYW9192H4ZG,Business_1011,Logistics,373.47,25751.7,156,0
28XABAW0563K6ZJ,Business_1012,Logistics,110.19,4052.67,34,0
21TUJYV7192P2ZF,Business_1013,Retail,419.32,13397.42,109,0
35SYEQZ9747I7Z3,Business_1014,Retail,198.43,10985.72,77,0
26VMLGM2247J1Z9,Business_1015,Construction,472.04,27395.33,207,0
32YBPNH2609V7ZU,Business_1016,Wholesale,104.5,5227.67,55,0
23HRUBA5348H5ZN,Business_1017,Construction,307.18,20471.11,66,0
12YUQHG6578C4ZH,Business_1018,Services,142.39,2207.33,117,0
24PZHYF1628N6ZV,Business_1019,Retail,155.48,4672.46,70,0
21JSQNM0258U4ZD,Business_1020,Wholesale,83.7,2813.18,38,0
13CNISF2467T2ZG,Business_1021,Retail,93.64,4872.35,31,0
14HDSHP0688M6ZL,Business_1022,Retail,181.66,6455.34,78,0
32WTFRW0532C8ZW,Business_1023,Retail,398.12,21595.01,180,0
34IJWWZ6221F4ZG,Business_1024,Retail,356.89,14472.34,111,0
36JSOUT3889X8Z3,Business_1025,Manufacturing,471.96,61786.7,580,1
14GTNHT8254R3ZQ,Business_1026,Services,67.81,950.09,66,0
30BARNQ4177W6ZC,Business_1027,Logistics,107.41,3788.55,40,0
34GEYWU2931E7Z3,Business_1028,Manufacturing,174.57,124946.87495951603,23,1
34GLUDW7472K5Z6,Business_1029,Logistics,45.44338981971331,20297.14,144,1
22LVUAV7634K5ZJ,Business_1030,Services,272.72,3022.57,261,0
11EFIFN6703J4ZL,Business_1031,Services,419.4,4265.54,224,0
16ZFHMP8279T2ZI,Business_1032,Retail,197.71,9133.09,99,0
13IJVYC9752L6ZT,Business_1033,Manufacturing,230.97,24947.78,33,0
36UOXTU5559B5ZJ,Business_1034,Wholesale,35.32,2241.5,10,0
10RDMSS0007I2ZV,Business_1035,Retail,68.01,4393.96,34,0
31WGCDG5765C9ZB,Business_1036,Logistics,8.71,595.3,3,0
21RAXFO5243Z2ZV,Business_1037,Retail,277.29,10884.51,118,0
29NQVRZ1201Y3ZA,Business_1038,Logistics,112.72,5083.76,33,0
15JDBXB1109Y2ZG,Business_1039,Logistics,418.52,13228.61,185,0
33MZSIV4631C8Z3,Business_1040,Manufacturing,268.82,33904.78,34,0
32SFPYU1166Z4ZZ,Business_1041,Wholesale,255.83,16989.86,58,0
21PNUIU9080C3ZR,Business_1042,Services,89.08,2222.21,51,0
20FRXKC8957H9ZK,Business_1043,Retail,463.78,19177.53,224,0
25IBNTD8921Y2Z9,Business_1044,Manufacturing,219.41,29850.55,40,0
10CWYMU5954B7Z2,Business_1045,Manufacturing,140.1,13235.96,33,0
32VESYI8966S5Z2,Business_1046,Logistics,247.43,16107.35,62,0
37MXIEV0470T4ZP,Business_1047,Services,262.56,3832.16,216,0
32QYDIK9315D8ZD,Business_1048,Construction,318.94,20048.36,143,0
24XBXTX1252A6ZD,Business_1049,Manufacturing,155.99,21892.59,24,0
12GEWAE0988I8ZP,Business_1050,Manufacturing,78.02,7228.18,27,0
25UTWOT4612P1ZH,Business_1051,Logistics,494.62,23689.16,214,0
13SYSRK3741I9ZS,Business_1052,Manufacturing,360.54,40549.05,53,0
26HPGSV2126J7Z7,Business_1053,Services,133.69,3597.33,118,0
27FWSQO3266D9ZP,Business_1054,Manufacturing,6.08,558.15,6,0
15UYUVG2947X5ZC,Business_1055,Manufacturing,210.39,27818.1,39,0
25XPRRC7325X5Z4,Business_1056,Wholesale,270.29,11372.15,136,0
35DTOPP0931G7Z4,Business_1057,Construction,46.38,2895.02,120,1
13JFLPC1781J1ZL,Business_1058,Manufacturing,277.66,39526.2,84,0
34UPZQR7062Q6Z6,Business_1059,Retail,213.08,13715.67,86,0
23YHGEA1032M7ZZ,Business_1060,Services,452.98,5409.62,419,0
28SRSJW8272O6ZL,Business_1061,Construction,102.46,4230.99,33,0
34WBNTO4608R2Z9,Business_1062,Manufacturing,301.78,30854.82,64,0
30KICXX2787A3ZL,Business_1063,Services,104.33,2849.0,89,0
11XATXY1384S7Z9,Business_1064,Logistics,310.44,12609.45,86,0
29WNOGP5052A2ZH,Business_1065,Wholesale,194.87,5864.87,65,0
19MEXUB7463A3ZR,Business_1066,Logistics,143.77,8146.15,58,0
34CTFTE1760R4ZR,Business_1067,Logistics,180.21,5582.96,65,0
14HFYIO9616F4ZK,Business_1068,Wholesale,292.98,12040.03,147,0
25LJIVW5090V4Z5,Business_1069,Wholesale,8.1,275.43,6,0
36TVUDT0513E2ZV,Business_1070,Manufacturing,118.26,16619.74,17,0
18EOGEH8632U7Z5,Business_1071,Services,397.1,10006.15,360,0
32BARTE8395Z4ZY,Business_1072,Retail,86.44,5148.83,28,0
16DSDSS2031J4ZV,Business_1073,Manufacturing,360.19,30334.6,56,0
17FJCPD8794U5ZV,Business_1074,Logistics,121.79,6839.26,61,0
19SJBMB8406C5ZQ,Business_1075,Wholesale,154.51,5159.82,77,0
15KXVVD6510T1ZU,Business_1076,Manufacturing,469.44,40437.32,65,0
25SYNMH9729T7ZJ,Business_1077,Retail,200.26,6493.64,85,0
33XZRHF2223C9ZA,Business_1078,Retail,419.36,17666.95,101,0
27ZYKJG4983W7Z1,Business_1079,Construction,294.57,15182.1,105,0
10ZFMCC8597C6ZS,Business_1080,Services,184.65,5156.8,210,0
19XBEOP0442M7Z3,Business_1081,Wholesale,153.63,5443.72,46,0
37LCNQQ1599X3ZU,Business_1082,Wholesale,382.99,15867.06,90,0
34TVRHC1273T2ZI,Business_1083,Retail,186.25,10242.08,66,0
16CVXHC7968K2ZX,Business_1084,Services,202.95,2128.66,116,0
36WTMBP3278C8ZJ,Business_1085,Wholesale,63.71,2796.29,29,0
17FEYDF7535B6ZZ,Business_1086,Logistics,446.67,22624.6,98,0
30UHECZ9409K3ZH,Business_1087,Services,391.55,8756.83,233,0
25LWRHN4277B1Z6,Business_1088,Logistics,136.35,5501.9,36,0
17IDFDX3038O7ZA,Business_1089,Manufacturing,221.32,25253.92,68,0
23YPMXP6233T6ZT,Business_1090,Wholesale,463.86,23764.17,125,0
15EOEBN9705U8ZI,Business_1091,Manufacturing,328.03,33473.69,89,0
21NISPX9335C5ZE,Business_1092,Services,308.32,7086.71,304,0
19ZUPGC2371X3ZH,Business_1093,Retail,445.12,14261.98,136,0
23FZKPX5909B2ZM,Business_1094,Retail,125.18,7931.17,44,0
24WHJFS2658H4ZP,Business_1095,Services,309.36,5492.21,237,0
12HRCYW1888B8ZV,Business_1096,Retail,192.72,8662.73,80,0
19ANQNV9262J7ZD,Business_1097,Construction,495.97,29736.84,198,0
13HTEGG8319H1ZQ,Business_1098,Services,373.24,3810.2,204,0
17FOMVB9647N4Z0,Business_1099,Logistics,227.48,8503.32,63,0
13PGIZD1246E3ZL,Business_1100,Wholesale,17.430536423216868,6123.51,35,1
21QNTTV2057K9Z1,Business_1101,Manufacturing,483.41,54229.94,95,0
11EEDBO2902I9ZZ,Business_1102,Construction,389.39,14448.1,87,0
11KJYVI7472X2ZA,Business_1103,Wholesale,266.6,8166.0,77,0
10HCBSV8454B7ZC,Business_1104,Wholesale,472.44,14723.79,229,0
17IXTIO0518C6ZR,Business_1105,Logistics,78.62,3878.37,30,0
27VTHEB2846D6ZU,Business_1106,Construction,236.42,14754.93,72,0
19BZMOO3309Y5ZQ,Business_1107,Manufacturing,476.32,68485.78,94,0
30PPHMK6307M8ZU,Business_1108,Manufacturing,473.2,63580.32,132,0
31HUDZX4035U3ZA,Business_1109,Wholesale,421.51,23920.34,162,0
35KIHLV9965U5ZS,Business_1110,Retail,385.12,16080.38,178,0
20QPDWJ6190T1ZV,Business_1111,Logistics,352.5,13900.09,83,0
17HTPVU1631J2Z3,Business_1112,Construction,296.24,19901.89,128,0
10NXZAC6232L3Z0,Business_1113,Wholesale,483.61,30763.72,141,0
28CPKAS5266E8Z1,Business_1114,Retail,187.91,7656.26,96,0
27DERXK5448K3ZB,Business_1115,Construction,51.88,1759.13,18,0
35RHIJO4155R6Z6,Business_1116,Manufacturing,251.43,32632.03,75,0
10JCUHZ0742L5Z3,Business_1117,Services,9.32,164.09,10,0
20QFJZL1216A2ZT,Business_1118,Manufacturing,381.24,43098.66,95,0
10ZXDNV1690K8ZR,Business_1119,Construction,370.58,19124.52,100,0
10XSOTY1180Q1Z2,Business_1120,Services,5.81,101.76,7,0
35ERASK8437G2ZG,Business_1121,Construction,203.24,10892.47,68,0
23JTUDJ9197X4Z0,Business_1122,Logistics,467.75,31572.01,157,0
34EIVBD6758U9Z2,Business_1123,Manufacturing,198.46,26866.85,32,0
31BRUAE5988E4ZH,Business_1124,Logistics,490.17,30894.34,155,0
37JMQJQ0614S6ZS,Business_1125,Logistics,364.09,12114.52,146,0
24GAAPF2104J3ZR,Business_1126,Logistics,414.0,14009.53,128,0
11SJTLC7237U6ZB,Business_1127,Retail,137.3,4605.14,48,0
24OBNBT5919E8ZK,Business_1128,Services,82.84,2209.82,97,0
10CPPPN3835R4Z6,Business_1129,Manufacturing,222.32,24191.2,70,0
15ICNCO3305Y9Z5,Business_1130,Manufacturing,129.29,12600.07,20,0
15SWNYC7055A9ZD,Business_1131,Manufacturing,403.22,33460.09,93,0
20FTWRM6328M2ZB,Business_1132,Construction,351.55,16421.17,74,0
10NCXME5013S7ZN,Business_1133,Manufacturing,71.06,6827.64,60,1
33CRZXA4229E9ZV,Business_1134,Services,33.815123955794725,8169.32,375,1
26VJMKY2499O7ZK,Business_1135,Services,130.14,2708.78,134,0
32KEAUX9885N5ZT,Business_1136,Manufacturing,379.35,49157.3,92,0
23LRUJY6740M4ZC,Business_1137,Logistics,372.62,13957.32,129,0
11ZZWEN2736X8Z6,Business_1138,Logistics,132.18,7554.28,32,0
28CVGJQ0449I5ZX,Business_1139,Construction,434.92,24414.78,94,0
10TAKUU0134T5ZG,Business_1140,Logistics,411.21,69488.13690169319,140,1
26XZVIJ5712F1Z0,Business_1141,Construction,442.86,21019.71,201,0
21HONHG5251T8ZP,Business_1142,Manufacturing,242.98,29705.62,165,1
11CTRXC3301X9ZA,Business_1143,Retail,224.14,7987.22,89,0
11SBPDC6982E7ZO,Business_1144,Construction,232.9,13388.88,105,0
16SOPVG0772J8Z1,Business_1145,Services,10.31,228.39,10,0
31NIYBR4250Z3ZX,Business_1146,Services,244.03,4324.13,167,0
26CNTDH9181T1ZQ,Business_1147,Logistics,34.63,1260.64,14,0
13XMQTQ8571R9ZS,Business_1148,Construction,458.48,17013.71,189,0
25WTJXK5573Q6Z3,Business_1149,Retail,64.8,3625.87,110,1
26EQIAY2472D3ZQ,Business_1150,Retail,473.99,32731.25,144,0
28RLOJB6471L9ZF,Business_1151,Wholesale,59.41,3280.18,21,0
18XSBKH9061C5Z2,Business_1152,Services,320.52,8995.54,165,0
19ICTUN4787H3ZO,Business_1153,Logistics,217.41,11229.28,61,0
19OEJTM9816Y2ZD,Business_1154,Wholesale,313.93,11103.08,73,0
32PSTCS8936Y3Z8,Business_1155,Wholesale,50.36517468707657,26617.01,182,1
25NULPY4630O5Z2,Business_1156,Manufacturing,139.68,16785.92,15,0
29FLXFK0686R2ZR,Business_1157,Construction,405.62,17539.62,162,0
20LEXGU2165M6Z7,Business_1158,Manufacturing,331.97,27787.11,99,0
36XWXKV2450R8ZB,Business_1159,Construction,33.79,1803.47,11,0
24CRYPI8191T9ZJ,Business_1160,Construction,73.55,2871.83,21,0
14BNSIQ3858I5ZN,Business_1161,Services,12.49,267.39,16,0
36QTXVY3258H1Z3,Business_1162,Services,341.17,5897.43,333,0
10EBKWJ2829D2ZG,Business_1163,Construction,219.97,9895.39,98,0
18GVCLE1710I8ZG,Business_1164,Manufacturing,222.85,31079.37,28,0
21FTYRS5758O4Z6,Business_1165,Services,296.67,5740.86,186,0
13RPSVG3181B3ZV,Business_1166,Retail,159.41,6611.95,68,0
37HNOZF2894Y3Z8,Business_1167,Retail,448.27,15045.54,173,0
17QRFYD0398Y3ZL,Business_1168,Services,467.62,11970.35,1047,1
22RYEZY0559G4ZL,Business_1169,Logistics,401.84,26829.74,132,0
37YZULY4627M4ZU,Business_1170,Services,276.84,5662.96,318,0
12EWVLM1714G6ZZ,Business_1171,Manufacturing,61.85,6313.73,21,0
36DPCPI5330O8ZX,Business_1172,Manufacturing,51.00548993914437,40964.52,82,1
13TAWLH9855J4ZB,Business_1173,Wholesale,182.32,10714.28,82,0
31TKXNJ0355Q7ZY,Business_1174,Construction,452.06,25878.95,109,0
17DUTND9348V4ZE,Business_1175,Construction,36.63,2544.4,13,0
28YKBAW9301B9ZU,Business_1176,Manufacturing,225.98,30496.28,59,0
32MHASR0979E9ZY,Business_1177,Manufacturing,454.47,66997.89,97,0
32QAILS9501C7ZX,Business_1178,Services,83.09,1260.14,44,0
20IYHAK0023J7ZF,Business_1179,Services,79.1,1513.09,91,0
26XIGRX7278O4ZF,Business_1180,Services,83.95,1040.1,75,0
35TLZNF6809L3ZK,Business_1181,Logistics,496.61,31842.15,109,0
18PMGVZ3733R1ZL,Business_1182,Construction,1.9015126565164435,590.19,7,1
29SYANH7469T7ZP,Business_1183,Logistics,358.19,12732.5,139,0
21CXJEK7503O5ZY,Business_1184,Logistics,276.36,17866.46,71,0
25KZHAB2405L4ZJ,Business_1185,Manufacturing,231.66,22371.81,64,0
21UMKEB6970K9Z4,Business_1186,Wholesale,235.81,9372.04,115,0
27SOGKA3856C3ZX,Business_1187,Wholesale,300.56,20488.48,106,0
20JFTCU7855C4Z2,Business_1188,Services,494.63,5065.49,545,0
31JYFUY8959R1ZX,Business_1189,Logistics,176.32,9753.86,82,0
29DHYEF6501L2Z0,Business_1190,Retail,173.78,8722.56,56,0
35ORIAL1527N7ZW,Business_1191,Construction,17.39,778.21,7,0
33HARAZ9293B1ZV,Business_1192,Wholesale,388.93,15936.26,83,0
26ZUDYB2763M8ZC,Business_1193,Construction,440.82,23520.44,130,0
30ZMIFD1444Q4ZD,Business_1194,Retail,145.45,4679.97,38,0
27FFRKT7947Q7Z6,Business_1195,Retail,104.55,6499.5,24,0
16USPAH4900N5Z6,Business_1196,Construction,327.87,22465.81,92,0
35NFXCW3696R9Z4,Business_1197,Logistics,444.19,24920.01,211,0
12PGFZN4604U3ZN,Business_1198,Construction,451.99,27025.23,212,0
13USLWV4572P2ZH,Business_1199,Logistics,414.46,94354.04922365645,122,1
25KQCOP4594X2ZQ,Business_1200,Retail,466.59,21528.29,221,0
